"site","year","plot","totcov","symbol","aerial_cover","block","paddock","drought","grazing_category","grazing_treatment","livestock_util_2019","livestock_util_2020","livestock_util_2021","rel_brome_cov"
"FK",2018,1,78.5,"BRTE",0.5,"1","1",75,"MMMMM","stable",50,50,50,0.636942675159236
"FK",2018,1,78.5,"BRAR",65,"1","1",75,"MMMMM","stable",50,50,50,82.8025477707006
"FK",2018,2,110.5,"BRTE",55,"1","1",99,"MMMMM","stable",50,50,50,49.7737556561086
"FK",2018,2,110.5,"BRAR",35,"1","1",99,"MMMMM","stable",50,50,50,31.6742081447964
"FK",2018,3,85,"BRTE",0.5,"1","1",0,"MMMMM","stable",50,50,50,0.588235294117647
"FK",2018,3,85,"BRAR",45,"1","1",0,"MMMMM","stable",50,50,50,52.9411764705882
"FK",2018,4,81,"BRTE",0,"1","1",0,"MMMMM","stable",50,50,50,0
"FK",2018,4,81,"BRAR",48,"1","1",0,"MMMMM","stable",50,50,50,59.2592592592593
"FK",2018,5,88,"BRTE",0,"1","1",50,"MMMMM","stable",50,50,50,0
"FK",2018,5,88,"BRAR",45,"1","1",50,"MMMMM","stable",50,50,50,51.1363636363636
"FK",2018,6,95,"BRTE",3,"1","1",25,"MMMMM","stable",50,50,50,3.15789473684211
"FK",2018,6,95,"BRAR",30,"1","1",25,"MMMMM","stable",50,50,50,31.5789473684211
"FK",2018,7,85,"BRTE",6,"1","2",0,"HHMMM","heavy",70,70,50,7.05882352941176
"FK",2018,7,85,"BRAR",25,"1","2",0,"HHMMM","heavy",70,70,50,29.4117647058824
"FK",2018,8,116,"BRTE",75,"1","2",75,"HHMMM","heavy",70,70,50,64.6551724137931
"FK",2018,8,116,"BRAR",22,"1","2",75,"HHMMM","heavy",70,70,50,18.9655172413793
"FK",2018,9,83,"BRTE",9,"1","2",0,"HHMMM","heavy",70,70,50,10.8433734939759
"FK",2018,9,83,"BRAR",20,"1","2",0,"HHMMM","heavy",70,70,50,24.0963855421687
"FK",2018,10,75.5,"BRTE",7,"1","2",99,"HHMMM","heavy",70,70,50,9.27152317880795
"FK",2018,10,75.5,"BRAR",30,"1","2",99,"HHMMM","heavy",70,70,50,39.7350993377483
"FK",2018,11,108,"BRTE",35,"1","2",50,"HHMMM","heavy",70,70,50,32.4074074074074
"FK",2018,11,108,"BRAR",15,"1","2",50,"HHMMM","heavy",70,70,50,13.8888888888889
"FK",2018,12,112,"BRTE",50,"1","2",25,"HHMMM","heavy",70,70,50,44.6428571428571
"FK",2018,12,112,"BRAR",1,"1","2",25,"HHMMM","heavy",70,70,50,0.892857142857143
"FK",2018,13,76.5,"BRTE",0,"1","3",50,"MLLMM","destock",50,30,30,0
"FK",2018,13,76.5,"BRAR",25,"1","3",50,"MLLMM","destock",50,30,30,32.6797385620915
"FK",2018,14,60,"BRTE",0.5,"1","3",75,"MLLMM","destock",50,30,30,0.833333333333333
"FK",2018,14,60,"BRAR",15,"1","3",75,"MLLMM","destock",50,30,30,25
"FK",2018,15,74,"BRTE",0.5,"1","3",0,"MLLMM","destock",50,30,30,0.675675675675676
"FK",2018,15,74,"BRAR",40,"1","3",0,"MLLMM","destock",50,30,30,54.0540540540541
"FK",2018,16,71.5,"BRTE",35,"1","3",25,"MLLMM","destock",50,30,30,48.951048951049
"FK",2018,16,71.5,"BRAR",2,"1","3",25,"MLLMM","destock",50,30,30,2.7972027972028
"FK",2018,17,110,"BRTE",65,"1","3",0,"MLLMM","destock",50,30,30,59.0909090909091
"FK",2018,17,110,"BRAR",10,"1","3",0,"MLLMM","destock",50,30,30,9.09090909090909
"FK",2018,18,101,"BRTE",50,"1","3",99,"MLLMM","destock",50,30,30,49.5049504950495
"FK",2018,18,101,"BRAR",10,"1","3",99,"MLLMM","destock",50,30,30,9.9009900990099
"FK",2018,19,80.5,"BRTE",0,"2","1",50,"MLLMM","destock",50,30,30,0
"FK",2018,19,80.5,"BRAR",50,"2","1",50,"MLLMM","destock",50,30,30,62.111801242236
"FK",2018,20,147,"BRTE",45,"2","1",0,"MLLMM","destock",50,30,30,30.6122448979592
"FK",2018,20,147,"BRAR",40,"2","1",0,"MLLMM","destock",50,30,30,27.2108843537415
"FK",2018,21,79,"BRTE",0,"2","1",99,"MLLMM","destock",50,30,30,0
"FK",2018,21,79,"BRAR",35,"2","1",99,"MLLMM","destock",50,30,30,44.3037974683544
"FK",2018,22,87,"BRTE",3,"2","1",75,"MLLMM","destock",50,30,30,3.44827586206897
"FK",2018,22,87,"BRAR",35,"2","1",75,"MLLMM","destock",50,30,30,40.2298850574713
"FK",2018,23,65.5,"BRTE",0,"2","1",0,"MLLMM","destock",50,30,30,0
"FK",2018,23,65.5,"BRAR",40,"2","1",0,"MLLMM","destock",50,30,30,61.0687022900763
"FK",2018,24,68.5,"BRTE",0,"2","1",25,"MLLMM","destock",50,30,30,0
"FK",2018,24,68.5,"BRAR",35,"2","1",25,"MLLMM","destock",50,30,30,51.0948905109489
"FK",2018,25,85.5,"BRTE",3,"2","2",0,"MMMMM","stable",50,50,50,3.50877192982456
"FK",2018,25,85.5,"BRAR",25,"2","2",0,"MMMMM","stable",50,50,50,29.2397660818713
"FK",2018,26,94.5,"BRTE",0,"2","2",75,"MMMMM","stable",50,50,50,0
"FK",2018,26,94.5,"BRAR",37,"2","2",75,"MMMMM","stable",50,50,50,39.1534391534392
"FK",2018,27,70.5,"BRTE",0,"2","2",50,"MMMMM","stable",50,50,50,0
"FK",2018,27,70.5,"BRAR",28,"2","2",50,"MMMMM","stable",50,50,50,39.7163120567376
"FK",2018,28,91.5,"BRTE",3,"2","2",99,"MMMMM","stable",50,50,50,3.27868852459016
"FK",2018,28,91.5,"BRAR",35,"2","2",99,"MMMMM","stable",50,50,50,38.2513661202186
"FK",2018,29,86,"BRTE",0,"2","2",0,"MMMMM","stable",50,50,50,0
"FK",2018,29,86,"BRAR",35,"2","2",0,"MMMMM","stable",50,50,50,40.6976744186046
"FK",2018,30,76.5,"BRTE",0,"2","2",25,"MMMMM","stable",50,50,50,0
"FK",2018,30,76.5,"BRAR",13,"2","2",25,"MMMMM","stable",50,50,50,16.9934640522876
"FK",2018,31,69,"BRTE",0,"2","3",99,"HHMMM","heavy",70,70,50,0
"FK",2018,31,69,"BRAR",28,"2","3",99,"HHMMM","heavy",70,70,50,40.5797101449275
"FK",2018,32,67,"BRTE",0.5,"2","3",25,"HHMMM","heavy",70,70,50,0.746268656716418
"FK",2018,32,67,"BRAR",25,"2","3",25,"HHMMM","heavy",70,70,50,37.3134328358209
"FK",2018,33,83,"BRTE",0,"2","3",75,"HHMMM","heavy",70,70,50,0
"FK",2018,33,83,"BRAR",40,"2","3",75,"HHMMM","heavy",70,70,50,48.1927710843374
"FK",2018,34,60,"BRTE",0,"2","3",0,"HHMMM","heavy",70,70,50,0
"FK",2018,34,60,"BRAR",35,"2","3",0,"HHMMM","heavy",70,70,50,58.3333333333333
"FK",2018,35,74,"BRTE",0,"2","3",50,"HHMMM","heavy",70,70,50,0
"FK",2018,35,74,"BRAR",35,"2","3",50,"HHMMM","heavy",70,70,50,47.2972972972973
"FK",2018,36,68.5,"BRTE",0,"2","3",0,"HHMMM","heavy",70,70,50,0
"FK",2018,36,68.5,"BRAR",35,"2","3",0,"HHMMM","heavy",70,70,50,51.0948905109489
"FK",2018,37,81,"BRTE",3,"3","1",75,"MLLMM","destock",50,30,30,3.7037037037037
"FK",2018,37,81,"BRAR",50,"3","1",75,"MLLMM","destock",50,30,30,61.7283950617284
"FK",2018,38,80.5,"BRTE",0,"3","1",25,"MLLMM","destock",50,30,30,0
"FK",2018,38,80.5,"BRAR",50,"3","1",25,"MLLMM","destock",50,30,30,62.111801242236
"FK",2018,39,79.5,"BRTE",0,"3","1",0,"MLLMM","destock",50,30,30,0
"FK",2018,39,79.5,"BRAR",40,"3","1",0,"MLLMM","destock",50,30,30,50.314465408805
"FK",2018,40,98.5,"BRTE",50,"3","1",99,"MLLMM","destock",50,30,30,50.761421319797
"FK",2018,40,98.5,"BRAR",35,"3","1",99,"MLLMM","destock",50,30,30,35.5329949238579
"FK",2018,41,65,"BRTE",0,"3","1",0,"MLLMM","destock",50,30,30,0
"FK",2018,41,65,"BRAR",15,"3","1",0,"MLLMM","destock",50,30,30,23.0769230769231
"FK",2018,42,101.5,"BRTE",0,"3","1",50,"MLLMM","destock",50,30,30,0
"FK",2018,42,101.5,"BRAR",50,"3","1",50,"MLLMM","destock",50,30,30,49.2610837438424
"FK",2018,43,93.5,"BRTE",2,"3","2",0,"MMMMM","stable",50,50,50,2.13903743315508
"FK",2018,43,93.5,"BRAR",30,"3","2",0,"MMMMM","stable",50,50,50,32.0855614973262
"FK",2018,44,84.5,"BRTE",0.5,"3","2",25,"MMMMM","stable",50,50,50,0.591715976331361
"FK",2018,44,84.5,"BRAR",32,"3","2",25,"MMMMM","stable",50,50,50,37.8698224852071
"FK",2018,45,106.5,"BRTE",40,"3","2",50,"MMMMM","stable",50,50,50,37.5586854460094
"FK",2018,45,106.5,"BRAR",25,"3","2",50,"MMMMM","stable",50,50,50,23.4741784037559
"FK",2018,46,77,"BRTE",0,"3","2",75,"MMMMM","stable",50,50,50,0
"FK",2018,46,77,"BRAR",35,"3","2",75,"MMMMM","stable",50,50,50,45.4545454545455
"FK",2018,47,87.5,"BRTE",0,"3","2",99,"MMMMM","stable",50,50,50,0
"FK",2018,47,87.5,"BRAR",50,"3","2",99,"MMMMM","stable",50,50,50,57.1428571428571
"FK",2018,48,92,"BRTE",0,"3","2",0,"MMMMM","stable",50,50,50,0
"FK",2018,48,92,"BRAR",60,"3","2",0,"MMMMM","stable",50,50,50,65.2173913043478
"FK",2018,49,72.5,"BRTE",2,"3","3",50,"HHMMM","heavy",70,70,50,2.75862068965517
"FK",2018,49,72.5,"BRAR",18,"3","3",50,"HHMMM","heavy",70,70,50,24.8275862068966
"FK",2018,50,87.5,"BRTE",0.5,"3","3",25,"HHMMM","heavy",70,70,50,0.571428571428571
"FK",2018,50,87.5,"BRAR",29,"3","3",25,"HHMMM","heavy",70,70,50,33.1428571428571
"FK",2018,51,104.5,"BRTE",0,"3","3",99,"HHMMM","heavy",70,70,50,0
"FK",2018,51,104.5,"BRAR",40,"3","3",99,"HHMMM","heavy",70,70,50,38.2775119617225
"FK",2018,52,98.5,"BRTE",0,"3","3",0,"HHMMM","heavy",70,70,50,0
"FK",2018,52,98.5,"BRAR",43,"3","3",0,"HHMMM","heavy",70,70,50,43.6548223350254
"FK",2018,53,73.5,"BRTE",0,"3","3",0,"HHMMM","heavy",70,70,50,0
"FK",2018,53,73.5,"BRAR",52,"3","3",0,"HHMMM","heavy",70,70,50,70.7482993197279
"FK",2018,54,83.5,"BRTE",0,"3","3",75,"HHMMM","heavy",70,70,50,0
"FK",2018,54,83.5,"BRAR",37,"3","3",75,"HHMMM","heavy",70,70,50,44.311377245509
"FK",2019,1,81.75,"BRAR",55,"1","1",75,"MMMMM","stable",50,50,50,67.2782874617737
"FK",2019,1,81.75,"BRTE",0,"1","1",75,"MMMMM","stable",50,50,50,0
"FK",2019,2,56.5,"BRAR",35,"1","1",99,"MMMMM","stable",50,50,50,61.9469026548673
"FK",2019,2,56.5,"BRTE",1,"1","1",99,"MMMMM","stable",50,50,50,1.76991150442478
"FK",2019,3,80.75,"BRAR",50,"1","1",0,"MMMMM","stable",50,50,50,61.9195046439629
"FK",2019,3,80.75,"BRTE",0,"1","1",0,"MMMMM","stable",50,50,50,0
"FK",2019,4,63.25,"BRAR",30,"1","1",0,"MMMMM","stable",50,50,50,47.4308300395257
"FK",2019,4,63.25,"BRTE",0,"1","1",0,"MMMMM","stable",50,50,50,0
"FK",2019,5,68.75,"BRAR",25,"1","1",50,"MMMMM","stable",50,50,50,36.3636363636364
"FK",2019,5,68.75,"BRTE",0,"1","1",50,"MMMMM","stable",50,50,50,0
"FK",2019,6,60.5,"BRAR",40,"1","1",25,"MMMMM","stable",50,50,50,66.1157024793389
"FK",2019,6,60.5,"BRTE",2,"1","1",25,"MMMMM","stable",50,50,50,3.30578512396694
"FK",2019,7,89,"BRAR",30,"1","2",0,"HHMMM","heavy",70,70,50,33.7078651685393
"FK",2019,7,89,"BRTE",7,"1","2",0,"HHMMM","heavy",70,70,50,7.86516853932584
"FK",2019,8,85.5,"BRAR",15,"1","2",75,"HHMMM","heavy",70,70,50,17.5438596491228
"FK",2019,8,85.5,"BRTE",40,"1","2",75,"HHMMM","heavy",70,70,50,46.7836257309941
"FK",2019,9,80.75,"BRAR",35,"1","2",0,"HHMMM","heavy",70,70,50,43.343653250774
"FK",2019,9,80.75,"BRTE",8,"1","2",0,"HHMMM","heavy",70,70,50,9.90712074303406
"FK",2019,10,82,"BRAR",20,"1","2",99,"HHMMM","heavy",70,70,50,24.390243902439
"FK",2019,10,82,"BRTE",25,"1","2",99,"HHMMM","heavy",70,70,50,30.4878048780488
"FK",2019,11,70,"BRAR",8,"1","2",50,"HHMMM","heavy",70,70,50,11.4285714285714
"FK",2019,11,70,"BRTE",25,"1","2",50,"HHMMM","heavy",70,70,50,35.7142857142857
"FK",2019,12,64.75,"BRAR",2,"1","2",25,"HHMMM","heavy",70,70,50,3.08880308880309
"FK",2019,12,64.75,"BRTE",28,"1","2",25,"HHMMM","heavy",70,70,50,43.2432432432432
"FK",2019,13,58,"BRAR",20,"1","3",50,"MLLMM","destock",50,30,30,34.4827586206897
"FK",2019,13,58,"BRTE",0,"1","3",50,"MLLMM","destock",50,30,30,0
"FK",2019,14,60.25,"BRAR",12,"1","3",75,"MLLMM","destock",50,30,30,19.9170124481328
"FK",2019,14,60.25,"BRTE",0,"1","3",75,"MLLMM","destock",50,30,30,0
"FK",2019,15,70.5,"BRAR",30,"1","3",0,"MLLMM","destock",50,30,30,42.5531914893617
"FK",2019,15,70.5,"BRTE",0,"1","3",0,"MLLMM","destock",50,30,30,0
"FK",2019,16,61.5,"BRAR",10,"1","3",25,"MLLMM","destock",50,30,30,16.260162601626
"FK",2019,16,61.5,"BRTE",22,"1","3",25,"MLLMM","destock",50,30,30,35.7723577235772
"FK",2019,17,61.5,"BRAR",5,"1","3",0,"MLLMM","destock",50,30,30,8.13008130081301
"FK",2019,17,61.5,"BRTE",35,"1","3",0,"MLLMM","destock",50,30,30,56.9105691056911
"FK",2019,18,65,"BRAR",35,"1","3",99,"MLLMM","destock",50,30,30,53.8461538461538
"FK",2019,18,65,"BRTE",5,"1","3",99,"MLLMM","destock",50,30,30,7.69230769230769
"FK",2019,19,64.5,"BRAR",45,"2","1",50,"MLLMM","destock",50,30,30,69.7674418604651
"FK",2019,19,64.5,"BRTE",0,"2","1",50,"MLLMM","destock",50,30,30,0
"FK",2019,20,101.75,"BRAR",40,"2","1",0,"MLLMM","destock",50,30,30,39.3120393120393
"FK",2019,20,101.75,"BRTE",0.5,"2","1",0,"MLLMM","destock",50,30,30,0.491400491400491
"FK",2019,21,79.5,"BRAR",65,"2","1",99,"MLLMM","destock",50,30,30,81.7610062893082
"FK",2019,21,79.5,"BRTE",0,"2","1",99,"MLLMM","destock",50,30,30,0
"FK",2019,22,51.5,"BRAR",26,"2","1",75,"MLLMM","destock",50,30,30,50.4854368932039
"FK",2019,22,51.5,"BRTE",3,"2","1",75,"MLLMM","destock",50,30,30,5.8252427184466
"FK",2019,23,72.5,"BRAR",40,"2","1",0,"MLLMM","destock",50,30,30,55.1724137931034
"FK",2019,23,72.5,"BRTE",0,"2","1",0,"MLLMM","destock",50,30,30,0
"FK",2019,24,99,"BRAR",65,"2","1",25,"MLLMM","destock",50,30,30,65.6565656565657
"FK",2019,24,99,"BRTE",0,"2","1",25,"MLLMM","destock",50,30,30,0
"FK",2019,25,71.25,"BRAR",10,"2","2",0,"MMMMM","stable",50,50,50,14.0350877192982
"FK",2019,25,71.25,"BRTE",18,"2","2",0,"MMMMM","stable",50,50,50,25.2631578947368
"FK",2019,26,75.75,"BRAR",55,"2","2",75,"MMMMM","stable",50,50,50,72.6072607260726
"FK",2019,26,75.75,"BRTE",0.25,"2","2",75,"MMMMM","stable",50,50,50,0.33003300330033
"FK",2019,27,52.5,"BRAR",20,"2","2",50,"MMMMM","stable",50,50,50,38.0952380952381
"FK",2019,27,52.5,"BRTE",0,"2","2",50,"MMMMM","stable",50,50,50,0
"FK",2019,28,38.5,"BRAR",20,"2","2",99,"MMMMM","stable",50,50,50,51.9480519480519
"FK",2019,28,38.5,"BRTE",0,"2","2",99,"MMMMM","stable",50,50,50,0
"FK",2019,29,66.75,"BRAR",25,"2","2",0,"MMMMM","stable",50,50,50,37.4531835205993
"FK",2019,29,66.75,"BRTE",0,"2","2",0,"MMMMM","stable",50,50,50,0
"FK",2019,30,44.25,"BRAR",12,"2","2",25,"MMMMM","stable",50,50,50,27.1186440677966
"FK",2019,30,44.25,"BRTE",0,"2","2",25,"MMMMM","stable",50,50,50,0
"FK",2019,31,44.5,"BRAR",15,"2","3",99,"HHMMM","heavy",70,70,50,33.7078651685393
"FK",2019,31,44.5,"BRTE",0,"2","3",99,"HHMMM","heavy",70,70,50,0
"FK",2019,32,55.5,"BRAR",20,"2","3",25,"HHMMM","heavy",70,70,50,36.036036036036
"FK",2019,32,55.5,"BRTE",0,"2","3",25,"HHMMM","heavy",70,70,50,0
"FK",2019,33,68,"BRAR",30,"2","3",75,"HHMMM","heavy",70,70,50,44.1176470588235
"FK",2019,33,68,"BRTE",0,"2","3",75,"HHMMM","heavy",70,70,50,0
"FK",2019,34,29.75,"BRAR",12,"2","3",0,"HHMMM","heavy",70,70,50,40.3361344537815
"FK",2019,34,29.75,"BRTE",0,"2","3",0,"HHMMM","heavy",70,70,50,0
"FK",2019,35,70.25,"BRAR",45,"2","3",50,"HHMMM","heavy",70,70,50,64.0569395017794
"FK",2019,35,70.25,"BRTE",0,"2","3",50,"HHMMM","heavy",70,70,50,0
"FK",2019,36,66.75,"BRAR",30,"2","3",0,"HHMMM","heavy",70,70,50,44.9438202247191
"FK",2019,36,66.75,"BRTE",0,"2","3",0,"HHMMM","heavy",70,70,50,0
"FK",2019,37,82.5,"BRAR",55,"3","1",75,"MLLMM","destock",50,30,30,66.6666666666667
"FK",2019,37,82.5,"BRTE",2,"3","1",75,"MLLMM","destock",50,30,30,2.42424242424242
"FK",2019,38,67.75,"BRAR",35,"3","1",25,"MLLMM","destock",50,30,30,51.6605166051661
"FK",2019,38,67.75,"BRTE",0,"3","1",25,"MLLMM","destock",50,30,30,0
"FK",2019,39,70.75,"BRAR",30,"3","1",0,"MLLMM","destock",50,30,30,42.4028268551237
"FK",2019,39,70.75,"BRTE",0,"3","1",0,"MLLMM","destock",50,30,30,0
"FK",2019,40,67.5,"BRAR",35,"3","1",99,"MLLMM","destock",50,30,30,51.8518518518518
"FK",2019,40,67.5,"BRTE",2,"3","1",99,"MLLMM","destock",50,30,30,2.96296296296296
"FK",2019,41,65,"BRAR",25,"3","1",0,"MLLMM","destock",50,30,30,38.4615384615385
"FK",2019,41,65,"BRTE",0,"3","1",0,"MLLMM","destock",50,30,30,0
"FK",2019,42,65,"BRAR",40,"3","1",50,"MLLMM","destock",50,30,30,61.5384615384615
"FK",2019,42,65,"BRTE",0,"3","1",50,"MLLMM","destock",50,30,30,0
"FK",2019,43,56.5,"BRAR",30,"3","2",0,"MMMMM","stable",50,50,50,53.0973451327434
"FK",2019,43,56.5,"BRTE",0.5,"3","2",0,"MMMMM","stable",50,50,50,0.884955752212389
"FK",2019,44,71,"BRAR",45,"3","2",25,"MMMMM","stable",50,50,50,63.3802816901408
"FK",2019,44,71,"BRTE",0,"3","2",25,"MMMMM","stable",50,50,50,0
"FK",2019,45,89.25,"BRAR",27,"3","2",50,"MMMMM","stable",50,50,50,30.2521008403361
"FK",2019,45,89.25,"BRTE",36,"3","2",50,"MMMMM","stable",50,50,50,40.3361344537815
"FK",2019,46,79.25,"BRAR",65,"3","2",75,"MMMMM","stable",50,50,50,82.018927444795
"FK",2019,46,79.25,"BRTE",0,"3","2",75,"MMMMM","stable",50,50,50,0
"FK",2019,47,60.25,"BRAR",50,"3","2",99,"MMMMM","stable",50,50,50,82.9875518672199
"FK",2019,47,60.25,"BRTE",0,"3","2",99,"MMMMM","stable",50,50,50,0
"FK",2019,48,79.5,"BRAR",55,"3","2",0,"MMMMM","stable",50,50,50,69.1823899371069
"FK",2019,48,79.5,"BRTE",0,"3","2",0,"MMMMM","stable",50,50,50,0
"FK",2019,49,72.5,"BRAR",35,"3","3",50,"HHMMM","heavy",70,70,50,48.2758620689655
"FK",2019,49,72.5,"BRTE",0,"3","3",50,"HHMMM","heavy",70,70,50,0
"FK",2019,50,58,"BRAR",35,"3","3",25,"HHMMM","heavy",70,70,50,60.3448275862069
"FK",2019,50,58,"BRTE",0,"3","3",25,"HHMMM","heavy",70,70,50,0
"FK",2019,51,79.75,"BRAR",32,"3","3",99,"HHMMM","heavy",70,70,50,40.1253918495298
"FK",2019,51,79.75,"BRTE",0,"3","3",99,"HHMMM","heavy",70,70,50,0
"FK",2019,52,77.75,"BRAR",45,"3","3",0,"HHMMM","heavy",70,70,50,57.8778135048232
"FK",2019,52,77.75,"BRTE",0,"3","3",0,"HHMMM","heavy",70,70,50,0
"FK",2019,53,96,"BRAR",50,"3","3",0,"HHMMM","heavy",70,70,50,52.0833333333333
"FK",2019,53,96,"BRTE",0,"3","3",0,"HHMMM","heavy",70,70,50,0
"FK",2019,54,64,"BRAR",35,"3","3",75,"HHMMM","heavy",70,70,50,54.6875
"FK",2019,54,64,"BRTE",0,"3","3",75,"HHMMM","heavy",70,70,50,0
"FK",2020,1,92,"BRAR",65,"1","1",75,"MMMMM","stable",50,50,50,70.6521739130435
"FK",2020,1,92,"BRTE",0,"1","1",75,"MMMMM","stable",50,50,50,0
"FK",2020,2,75,"BRAR",15,"1","1",99,"MMMMM","stable",50,50,50,20
"FK",2020,2,75,"BRTE",35,"1","1",99,"MMMMM","stable",50,50,50,46.6666666666667
"FK",2020,3,75,"BRAR",55,"1","1",0,"MMMMM","stable",50,50,50,73.3333333333333
"FK",2020,3,75,"BRTE",0,"1","1",0,"MMMMM","stable",50,50,50,0
"FK",2020,4,65.5,"BRAR",30,"1","1",0,"MMMMM","stable",50,50,50,45.8015267175573
"FK",2020,4,65.5,"BRTE",0.5,"1","1",0,"MMMMM","stable",50,50,50,0.763358778625954
"FK",2020,5,74,"BRAR",30,"1","1",50,"MMMMM","stable",50,50,50,40.5405405405405
"FK",2020,5,74,"BRTE",1,"1","1",50,"MMMMM","stable",50,50,50,1.35135135135135
"FK",2020,6,95,"BRAR",40,"1","1",25,"MMMMM","stable",50,50,50,42.1052631578947
"FK",2020,6,95,"BRTE",35,"1","1",25,"MMMMM","stable",50,50,50,36.8421052631579
"FK",2020,7,46,"BRAR",10,"1","2",0,"HHMMM","heavy",70,70,50,21.7391304347826
"FK",2020,7,46,"BRTE",1,"1","2",0,"HHMMM","heavy",70,70,50,2.17391304347826
"FK",2020,8,67,"BRAR",20,"1","2",75,"HHMMM","heavy",70,70,50,29.8507462686567
"FK",2020,8,67,"BRTE",30,"1","2",75,"HHMMM","heavy",70,70,50,44.7761194029851
"FK",2020,9,76.5,"BRAR",24,"1","2",0,"HHMMM","heavy",70,70,50,31.3725490196078
"FK",2020,9,76.5,"BRTE",22,"1","2",0,"HHMMM","heavy",70,70,50,28.7581699346405
"FK",2020,10,52,"BRAR",9,"1","2",99,"HHMMM","heavy",70,70,50,17.3076923076923
"FK",2020,10,52,"BRTE",17,"1","2",99,"HHMMM","heavy",70,70,50,32.6923076923077
"FK",2020,11,69.5,"BRAR",12,"1","2",50,"HHMMM","heavy",70,70,50,17.2661870503597
"FK",2020,11,69.5,"BRTE",17,"1","2",50,"HHMMM","heavy",70,70,50,24.4604316546763
"FK",2020,12,66,"BRAR",2,"1","2",25,"HHMMM","heavy",70,70,50,3.03030303030303
"FK",2020,12,66,"BRTE",35,"1","2",25,"HHMMM","heavy",70,70,50,53.030303030303
"FK",2020,13,39,"BRAR",17,"1","3",50,"MLLMM","destock",50,30,30,43.5897435897436
"FK",2020,13,39,"BRTE",0,"1","3",50,"MLLMM","destock",50,30,30,0
"FK",2020,14,59.5,"BRAR",18,"1","3",75,"MLLMM","destock",50,30,30,30.2521008403361
"FK",2020,14,59.5,"BRTE",0,"1","3",75,"MLLMM","destock",50,30,30,0
"FK",2020,15,32,"BRAR",13,"1","3",0,"MLLMM","destock",50,30,30,40.625
"FK",2020,15,32,"BRTE",0.5,"1","3",0,"MLLMM","destock",50,30,30,1.5625
"FK",2020,16,86.5,"BRAR",28,"1","3",25,"MLLMM","destock",50,30,30,32.3699421965318
"FK",2020,16,86.5,"BRTE",25,"1","3",25,"MLLMM","destock",50,30,30,28.9017341040462
"FK",2020,17,79.5,"BRAR",5,"1","3",0,"MLLMM","destock",50,30,30,6.28930817610063
"FK",2020,17,79.5,"BRTE",50,"1","3",0,"MLLMM","destock",50,30,30,62.8930817610063
"FK",2020,18,55.5,"BRAR",12,"1","3",99,"MLLMM","destock",50,30,30,21.6216216216216
"FK",2020,18,55.5,"BRTE",10,"1","3",99,"MLLMM","destock",50,30,30,18.018018018018
"FK",2020,19,79.5,"BRAR",48,"2","1",50,"MLLMM","destock",50,30,30,60.377358490566
"FK",2020,19,79.5,"BRTE",0.5,"2","1",50,"MLLMM","destock",50,30,30,0.628930817610063
"FK",2020,20,68.5,"BRAR",18,"2","1",0,"MLLMM","destock",50,30,30,26.2773722627737
"FK",2020,20,68.5,"BRTE",20,"2","1",0,"MLLMM","destock",50,30,30,29.1970802919708
"FK",2020,21,58,"BRAR",30,"2","1",99,"MLLMM","destock",50,30,30,51.7241379310345
"FK",2020,21,58,"BRTE",0.5,"2","1",99,"MLLMM","destock",50,30,30,0.862068965517241
"FK",2020,22,90,"BRAR",43,"2","1",75,"MLLMM","destock",50,30,30,47.7777777777778
"FK",2020,22,90,"BRTE",18,"2","1",75,"MLLMM","destock",50,30,30,20
"FK",2020,23,75.5,"BRAR",35,"2","1",0,"MLLMM","destock",50,30,30,46.3576158940397
"FK",2020,23,75.5,"BRTE",0,"2","1",0,"MLLMM","destock",50,30,30,0
"FK",2020,24,99,"BRAR",60,"2","1",25,"MLLMM","destock",50,30,30,60.6060606060606
"FK",2020,24,99,"BRTE",0.5,"2","1",25,"MLLMM","destock",50,30,30,0.505050505050505
"FK",2020,25,76.5,"BRAR",30,"2","2",0,"MMMMM","stable",50,50,50,39.2156862745098
"FK",2020,25,76.5,"BRTE",15,"2","2",0,"MMMMM","stable",50,50,50,19.6078431372549
"FK",2020,26,72,"BRAR",35,"2","2",75,"MMMMM","stable",50,50,50,48.6111111111111
"FK",2020,26,72,"BRTE",0.5,"2","2",75,"MMMMM","stable",50,50,50,0.694444444444444
"FK",2020,27,69,"BRAR",22,"2","2",50,"MMMMM","stable",50,50,50,31.8840579710145
"FK",2020,27,69,"BRTE",0,"2","2",50,"MMMMM","stable",50,50,50,0
"FK",2020,28,69,"BRAR",35,"2","2",99,"MMMMM","stable",50,50,50,50.7246376811594
"FK",2020,28,69,"BRTE",0.5,"2","2",99,"MMMMM","stable",50,50,50,0.72463768115942
"FK",2020,29,83.5,"BRAR",40,"2","2",0,"MMMMM","stable",50,50,50,47.9041916167665
"FK",2020,29,83.5,"BRTE",0.5,"2","2",0,"MMMMM","stable",50,50,50,0.598802395209581
"FK",2020,30,75.5,"BRAR",30,"2","2",25,"MMMMM","stable",50,50,50,39.7350993377483
"FK",2020,30,75.5,"BRTE",0,"2","2",25,"MMMMM","stable",50,50,50,0
"FK",2020,31,52.5,"BRAR",20,"2","3",99,"HHMMM","heavy",70,70,50,38.0952380952381
"FK",2020,31,52.5,"BRTE",0.5,"2","3",99,"HHMMM","heavy",70,70,50,0.952380952380952
"FK",2020,32,89,"BRAR",32,"2","3",25,"HHMMM","heavy",70,70,50,35.9550561797753
"FK",2020,32,89,"BRTE",0,"2","3",25,"HHMMM","heavy",70,70,50,0
"FK",2020,33,83,"BRAR",30,"2","3",75,"HHMMM","heavy",70,70,50,36.144578313253
"FK",2020,33,83,"BRTE",0,"2","3",75,"HHMMM","heavy",70,70,50,0
"FK",2020,34,76,"BRAR",30,"2","3",0,"HHMMM","heavy",70,70,50,39.4736842105263
"FK",2020,34,76,"BRTE",0,"2","3",0,"HHMMM","heavy",70,70,50,0
"FK",2020,35,72,"BRAR",50,"2","3",50,"HHMMM","heavy",70,70,50,69.4444444444444
"FK",2020,35,72,"BRTE",0,"2","3",50,"HHMMM","heavy",70,70,50,0
"FK",2020,36,86,"BRAR",25,"2","3",0,"HHMMM","heavy",70,70,50,29.0697674418605
"FK",2020,36,86,"BRTE",0,"2","3",0,"HHMMM","heavy",70,70,50,0
"FK",2020,37,89.5,"BRAR",60,"3","1",75,"MLLMM","destock",50,30,30,67.0391061452514
"FK",2020,37,89.5,"BRTE",7,"3","1",75,"MLLMM","destock",50,30,30,7.82122905027933
"FK",2020,38,76.5,"BRAR",40,"3","1",25,"MLLMM","destock",50,30,30,52.2875816993464
"FK",2020,38,76.5,"BRTE",0,"3","1",25,"MLLMM","destock",50,30,30,0
"FK",2020,39,67.5,"BRAR",25,"3","1",0,"MLLMM","destock",50,30,30,37.037037037037
"FK",2020,39,67.5,"BRTE",0,"3","1",0,"MLLMM","destock",50,30,30,0
"FK",2020,40,65.5,"BRAR",25,"3","1",99,"MLLMM","destock",50,30,30,38.1679389312977
"FK",2020,40,65.5,"BRTE",25,"3","1",99,"MLLMM","destock",50,30,30,38.1679389312977
"FK",2020,41,70,"BRAR",19,"3","1",0,"MLLMM","destock",50,30,30,27.1428571428571
"FK",2020,41,70,"BRTE",0,"3","1",0,"MLLMM","destock",50,30,30,0
"FK",2020,42,78,"BRAR",35,"3","1",50,"MLLMM","destock",50,30,30,44.8717948717949
"FK",2020,42,78,"BRTE",0.5,"3","1",50,"MLLMM","destock",50,30,30,0.641025641025641
"FK",2020,43,84,"BRAR",35,"3","2",0,"MMMMM","stable",50,50,50,41.6666666666667
"FK",2020,43,84,"BRTE",10,"3","2",0,"MMMMM","stable",50,50,50,11.9047619047619
"FK",2020,44,68.5,"BRAR",35,"3","2",25,"MMMMM","stable",50,50,50,51.0948905109489
"FK",2020,44,68.5,"BRTE",0,"3","2",25,"MMMMM","stable",50,50,50,0
"FK",2020,45,95.5,"BRAR",25,"3","2",50,"MMMMM","stable",50,50,50,26.1780104712042
"FK",2020,45,95.5,"BRTE",55,"3","2",50,"MMMMM","stable",50,50,50,57.5916230366492
"FK",2020,46,70,"BRAR",45,"3","2",75,"MMMMM","stable",50,50,50,64.2857142857143
"FK",2020,46,70,"BRTE",0,"3","2",75,"MMMMM","stable",50,50,50,0
"FK",2020,47,57.5,"BRAR",40,"3","2",99,"MMMMM","stable",50,50,50,69.5652173913043
"FK",2020,47,57.5,"BRTE",0,"3","2",99,"MMMMM","stable",50,50,50,0
"FK",2020,48,81,"BRAR",50,"3","2",0,"MMMMM","stable",50,50,50,61.7283950617284
"FK",2020,48,81,"BRTE",0,"3","2",0,"MMMMM","stable",50,50,50,0
"FK",2020,49,89.5,"BRAR",40,"3","3",50,"HHMMM","heavy",70,70,50,44.6927374301676
"FK",2020,49,89.5,"BRTE",15,"3","3",50,"HHMMM","heavy",70,70,50,16.7597765363128
"FK",2020,50,83,"BRAR",45,"3","3",25,"HHMMM","heavy",70,70,50,54.2168674698795
"FK",2020,50,83,"BRTE",1,"3","3",25,"HHMMM","heavy",70,70,50,1.20481927710843
"FK",2020,51,46.5,"BRAR",23,"3","3",99,"HHMMM","heavy",70,70,50,49.4623655913978
"FK",2020,51,46.5,"BRTE",0,"3","3",99,"HHMMM","heavy",70,70,50,0
"FK",2020,52,81.5,"BRAR",35,"3","3",0,"HHMMM","heavy",70,70,50,42.9447852760736
"FK",2020,52,81.5,"BRTE",0,"3","3",0,"HHMMM","heavy",70,70,50,0
"FK",2020,53,71,"BRAR",32,"3","3",0,"HHMMM","heavy",70,70,50,45.0704225352113
"FK",2020,53,71,"BRTE",0,"3","3",0,"HHMMM","heavy",70,70,50,0
"FK",2020,54,61.5,"BRAR",20,"3","3",75,"HHMMM","heavy",70,70,50,32.520325203252
"FK",2020,54,61.5,"BRTE",0,"3","3",75,"HHMMM","heavy",70,70,50,0
"FK",2021,1,23.75,"BRAR",12,"1","1",75,"MMMMM","stable",50,50,50,50.5263157894737
"FK",2021,1,23.75,"BRTE",0.25,"1","1",75,"MMMMM","stable",50,50,50,1.05263157894737
"FK",2021,2,23.25,"BRAR",0.25,"1","1",99,"MMMMM","stable",50,50,50,1.0752688172043
"FK",2021,2,23.25,"BRTE",17,"1","1",99,"MMMMM","stable",50,50,50,73.1182795698925
"FK",2021,3,37.75,"BRAR",12,"1","1",0,"MMMMM","stable",50,50,50,31.7880794701987
"FK",2021,3,37.75,"BRTE",3,"1","1",0,"MMMMM","stable",50,50,50,7.94701986754967
"FK",2021,4,26.75,"BRAR",8,"1","1",0,"MMMMM","stable",50,50,50,29.9065420560748
"FK",2021,4,26.75,"BRTE",0.25,"1","1",0,"MMMMM","stable",50,50,50,0.934579439252336
"FK",2021,5,21.75,"BRAR",4,"1","1",50,"MMMMM","stable",50,50,50,18.3908045977011
"FK",2021,5,21.75,"BRTE",3,"1","1",50,"MMMMM","stable",50,50,50,13.7931034482759
"FK",2021,6,58.25,"BRAR",3,"1","1",25,"MMMMM","stable",50,50,50,5.15021459227468
"FK",2021,6,58.25,"BRTE",50,"1","1",25,"MMMMM","stable",50,50,50,85.8369098712446
"FK",2021,7,21.75,"BRAR",1,"1","2",0,"HHMMM","heavy",70,70,50,4.59770114942529
"FK",2021,7,21.75,"BRTE",2,"1","2",0,"HHMMM","heavy",70,70,50,9.19540229885057
"FK",2021,8,45.5,"BRAR",3,"1","2",75,"HHMMM","heavy",70,70,50,6.59340659340659
"FK",2021,8,45.5,"BRTE",40,"1","2",75,"HHMMM","heavy",70,70,50,87.9120879120879
"FK",2021,9,25,"BRAR",2,"1","2",0,"HHMMM","heavy",70,70,50,8
"FK",2021,9,25,"BRTE",6,"1","2",0,"HHMMM","heavy",70,70,50,24
"FK",2021,10,23,"BRAR",0.25,"1","2",99,"HHMMM","heavy",70,70,50,1.08695652173913
"FK",2021,10,23,"BRTE",12,"1","2",99,"HHMMM","heavy",70,70,50,52.1739130434783
"FK",2021,11,28.5,"BRAR",2,"1","2",50,"HHMMM","heavy",70,70,50,7.01754385964912
"FK",2021,11,28.5,"BRTE",10,"1","2",50,"HHMMM","heavy",70,70,50,35.0877192982456
"FK",2021,12,19.75,"BRAR",0.5,"1","2",25,"HHMMM","heavy",70,70,50,2.53164556962025
"FK",2021,12,19.75,"BRTE",10,"1","2",25,"HHMMM","heavy",70,70,50,50.6329113924051
"FK",2021,13,19.25,"BRAR",1,"1","3",50,"MLLMM","destock",50,30,30,5.19480519480519
"FK",2021,13,19.25,"BRTE",0.25,"1","3",50,"MLLMM","destock",50,30,30,1.2987012987013
"FK",2021,14,17.5,"BRAR",1,"1","3",75,"MLLMM","destock",50,30,30,5.71428571428571
"FK",2021,14,17.5,"BRTE",0.25,"1","3",75,"MLLMM","destock",50,30,30,1.42857142857143
"FK",2021,15,45,"BRAR",8,"1","3",0,"MLLMM","destock",50,30,30,17.7777777777778
"FK",2021,15,45,"BRTE",6,"1","3",0,"MLLMM","destock",50,30,30,13.3333333333333
"FK",2021,16,28.75,"BRAR",6,"1","3",25,"MLLMM","destock",50,30,30,20.8695652173913
"FK",2021,16,28.75,"BRTE",8,"1","3",25,"MLLMM","destock",50,30,30,27.8260869565217
"FK",2021,17,57,"BRAR",0.25,"1","3",0,"MLLMM","destock",50,30,30,0.43859649122807
"FK",2021,17,57,"BRTE",45,"1","3",0,"MLLMM","destock",50,30,30,78.9473684210526
"FK",2021,18,48,"BRAR",0.25,"1","3",99,"MLLMM","destock",50,30,30,0.520833333333333
"FK",2021,18,48,"BRTE",40,"1","3",99,"MLLMM","destock",50,30,30,83.3333333333333
"FK",2021,19,39.5,"BRAR",25,"2","1",50,"MLLMM","destock",50,30,30,63.2911392405063
"FK",2021,19,39.5,"BRTE",1,"2","1",50,"MLLMM","destock",50,30,30,2.53164556962025
"FK",2021,20,52.25,"BRAR",0.5,"2","1",0,"MLLMM","destock",50,30,30,0.956937799043062
"FK",2021,20,52.25,"BRTE",30,"2","1",0,"MLLMM","destock",50,30,30,57.4162679425837
"FK",2021,21,11.5,"BRAR",4,"2","1",99,"MLLMM","destock",50,30,30,34.7826086956522
"FK",2021,21,11.5,"BRTE",0.5,"2","1",99,"MLLMM","destock",50,30,30,4.34782608695652
"FK",2021,22,17,"BRAR",6,"2","1",75,"MLLMM","destock",50,30,30,35.2941176470588
"FK",2021,22,17,"BRTE",3,"2","1",75,"MLLMM","destock",50,30,30,17.6470588235294
"FK",2021,23,29.75,"BRAR",4,"2","1",0,"MLLMM","destock",50,30,30,13.4453781512605
"FK",2021,23,29.75,"BRTE",0,"2","1",0,"MLLMM","destock",50,30,30,0
"FK",2021,24,30,"BRAR",8,"2","1",25,"MLLMM","destock",50,30,30,26.6666666666667
"FK",2021,24,30,"BRTE",0.25,"2","1",25,"MLLMM","destock",50,30,30,0.833333333333333
"FK",2021,25,53.75,"BRAR",5,"2","2",0,"MMMMM","stable",50,50,50,9.30232558139535
"FK",2021,25,53.75,"BRTE",30,"2","2",0,"MMMMM","stable",50,50,50,55.8139534883721
"FK",2021,26,22,"BRAR",11,"2","2",75,"MMMMM","stable",50,50,50,50
"FK",2021,26,22,"BRTE",0.25,"2","2",75,"MMMMM","stable",50,50,50,1.13636363636364
"FK",2021,27,28.75,"BRAR",2,"2","2",50,"MMMMM","stable",50,50,50,6.95652173913043
"FK",2021,27,28.75,"BRTE",0.25,"2","2",50,"MMMMM","stable",50,50,50,0.869565217391304
"FK",2021,28,17.5,"BRAR",2,"2","2",99,"MMMMM","stable",50,50,50,11.4285714285714
"FK",2021,28,17.5,"BRTE",2,"2","2",99,"MMMMM","stable",50,50,50,11.4285714285714
"FK",2021,29,35.25,"BRAR",2,"2","2",0,"MMMMM","stable",50,50,50,5.67375886524823
"FK",2021,29,35.25,"BRTE",0,"2","2",0,"MMMMM","stable",50,50,50,0
"FK",2021,30,35.5,"BRAR",5,"2","2",25,"MMMMM","stable",50,50,50,14.0845070422535
"FK",2021,30,35.5,"BRTE",1,"2","2",25,"MMMMM","stable",50,50,50,2.8169014084507
"FK",2021,31,23,"BRAR",2,"2","3",99,"HHMMM","heavy",70,70,50,8.69565217391304
"FK",2021,31,23,"BRTE",1,"2","3",99,"HHMMM","heavy",70,70,50,4.34782608695652
"FK",2021,32,23.5,"BRAR",4,"2","3",25,"HHMMM","heavy",70,70,50,17.0212765957447
"FK",2021,32,23.5,"BRTE",0,"2","3",25,"HHMMM","heavy",70,70,50,0
"FK",2021,33,19.25,"BRAR",4,"2","3",75,"HHMMM","heavy",70,70,50,20.7792207792208
"FK",2021,33,19.25,"BRTE",0,"2","3",75,"HHMMM","heavy",70,70,50,0
"FK",2021,34,30.5,"BRAR",2,"2","3",0,"HHMMM","heavy",70,70,50,6.55737704918033
"FK",2021,34,30.5,"BRTE",0,"2","3",0,"HHMMM","heavy",70,70,50,0
"FK",2021,35,20.5,"BRAR",14,"2","3",50,"HHMMM","heavy",70,70,50,68.2926829268293
"FK",2021,35,20.5,"BRTE",0,"2","3",50,"HHMMM","heavy",70,70,50,0
"FK",2021,36,36.75,"BRAR",1,"2","3",0,"HHMMM","heavy",70,70,50,2.72108843537415
"FK",2021,36,36.75,"BRTE",0,"2","3",0,"HHMMM","heavy",70,70,50,0
"FK",2021,37,49.25,"BRAR",35,"3","1",75,"MLLMM","destock",50,30,30,71.0659898477157
"FK",2021,37,49.25,"BRTE",3,"3","1",75,"MLLMM","destock",50,30,30,6.09137055837564
"FK",2021,38,39.25,"BRAR",4,"3","1",25,"MLLMM","destock",50,30,30,10.1910828025478
"FK",2021,38,39.25,"BRTE",0.25,"3","1",25,"MLLMM","destock",50,30,30,0.636942675159236
"FK",2021,39,23.25,"BRAR",0.5,"3","1",0,"MLLMM","destock",50,30,30,2.1505376344086
"FK",2021,39,23.25,"BRTE",0.25,"3","1",0,"MLLMM","destock",50,30,30,1.0752688172043
"FK",2021,40,37.25,"BRAR",0.25,"3","1",99,"MLLMM","destock",50,30,30,0.671140939597315
"FK",2021,40,37.25,"BRTE",30,"3","1",99,"MLLMM","destock",50,30,30,80.5369127516778
"FK",2021,41,37,"BRAR",0.5,"3","1",0,"MLLMM","destock",50,30,30,1.35135135135135
"FK",2021,41,37,"BRTE",0,"3","1",0,"MLLMM","destock",50,30,30,0
"FK",2021,42,26.5,"BRAR",8,"3","1",50,"MLLMM","destock",50,30,30,30.188679245283
"FK",2021,42,26.5,"BRTE",0.25,"3","1",50,"MLLMM","destock",50,30,30,0.943396226415094
"FK",2021,43,40,"BRAR",7,"3","2",0,"MMMMM","stable",50,50,50,17.5
"FK",2021,43,40,"BRTE",11,"3","2",0,"MMMMM","stable",50,50,50,27.5
"FK",2021,44,34.5,"BRAR",3,"3","2",25,"MMMMM","stable",50,50,50,8.69565217391304
"FK",2021,44,34.5,"BRTE",10,"3","2",25,"MMMMM","stable",50,50,50,28.9855072463768
"FK",2021,45,67.25,"BRAR",1,"3","2",50,"MMMMM","stable",50,50,50,1.48698884758364
"FK",2021,45,67.25,"BRTE",60,"3","2",50,"MMMMM","stable",50,50,50,89.2193308550186
"FK",2021,46,29.75,"BRAR",20,"3","2",75,"MMMMM","stable",50,50,50,67.2268907563025
"FK",2021,46,29.75,"BRTE",0.5,"3","2",75,"MMMMM","stable",50,50,50,1.68067226890756
"FK",2021,47,13.75,"BRAR",4,"3","2",99,"MMMMM","stable",50,50,50,29.0909090909091
"FK",2021,47,13.75,"BRTE",0.25,"3","2",99,"MMMMM","stable",50,50,50,1.81818181818182
"FK",2021,48,49,"BRAR",35,"3","2",0,"MMMMM","stable",50,50,50,71.4285714285714
"FK",2021,48,49,"BRTE",0.25,"3","2",0,"MMMMM","stable",50,50,50,0.510204081632653
"FK",2021,49,23.75,"BRAR",1,"3","3",50,"HHMMM","heavy",70,70,50,4.21052631578947
"FK",2021,49,23.75,"BRTE",6,"3","3",50,"HHMMM","heavy",70,70,50,25.2631578947368
"FK",2021,50,21.25,"BRAR",4,"3","3",25,"HHMMM","heavy",70,70,50,18.8235294117647
"FK",2021,50,21.25,"BRTE",2,"3","3",25,"HHMMM","heavy",70,70,50,9.41176470588235
"FK",2021,51,11.5,"BRAR",1,"3","3",99,"HHMMM","heavy",70,70,50,8.69565217391304
"FK",2021,51,11.5,"BRTE",0,"3","3",99,"HHMMM","heavy",70,70,50,0
"FK",2021,52,38,"BRAR",7,"3","3",0,"HHMMM","heavy",70,70,50,18.4210526315789
"FK",2021,52,38,"BRTE",0.25,"3","3",0,"HHMMM","heavy",70,70,50,0.657894736842105
"FK",2021,53,27.75,"BRAR",1,"3","3",0,"HHMMM","heavy",70,70,50,3.6036036036036
"FK",2021,53,27.75,"BRTE",0,"3","3",0,"HHMMM","heavy",70,70,50,0
"FK",2021,54,16.75,"BRAR",3,"3","3",75,"HHMMM","heavy",70,70,50,17.910447761194
"FK",2021,54,16.75,"BRTE",0.25,"3","3",75,"HHMMM","heavy",70,70,50,1.49253731343284
"TB",2018,1,44.5,"BRTE",0.5,"1","2",75,"HHMMM","heavy",70,70,50,1.12359550561798
"TB",2018,1,44.5,"BRAR",0.5,"1","2",75,"HHMMM","heavy",70,70,50,1.12359550561798
"TB",2018,2,81,"BRTE",7,"1","2",99,"HHMMM","heavy",70,70,50,8.64197530864197
"TB",2018,2,81,"BRAR",0,"1","2",99,"HHMMM","heavy",70,70,50,0
"TB",2018,3,97.5,"BRTE",38,"1","2",0,"HHMMM","heavy",70,70,50,38.974358974359
"TB",2018,3,97.5,"BRAR",0,"1","2",0,"HHMMM","heavy",70,70,50,0
"TB",2018,4,75.5,"BRTE",0.5,"1","2",0,"HHMMM","heavy",70,70,50,0.662251655629139
"TB",2018,4,75.5,"BRAR",3,"1","2",0,"HHMMM","heavy",70,70,50,3.97350993377483
"TB",2018,5,71,"BRTE",6,"1","2",50,"HHMMM","heavy",70,70,50,8.45070422535211
"TB",2018,5,71,"BRAR",2,"1","2",50,"HHMMM","heavy",70,70,50,2.8169014084507
"TB",2018,6,95.5,"BRTE",30,"1","2",25,"HHMMM","heavy",70,70,50,31.413612565445
"TB",2018,6,95.5,"BRAR",2,"1","2",25,"HHMMM","heavy",70,70,50,2.09424083769634
"TB",2018,7,96,"BRTE",0.5,"1","3",0,"MLLMM","destock",50,30,30,0.520833333333333
"TB",2018,7,96,"BRAR",3,"1","3",0,"MLLMM","destock",50,30,30,3.125
"TB",2018,8,69.5,"BRTE",0,"1","3",75,"MLLMM","destock",50,30,30,0
"TB",2018,8,69.5,"BRAR",0.5,"1","3",75,"MLLMM","destock",50,30,30,0.719424460431655
"TB",2018,9,66.5,"BRTE",0,"1","3",0,"MLLMM","destock",50,30,30,0
"TB",2018,9,66.5,"BRAR",0.5,"1","3",0,"MLLMM","destock",50,30,30,0.75187969924812
"TB",2018,10,51.5,"BRTE",0.5,"1","3",99,"MLLMM","destock",50,30,30,0.970873786407767
"TB",2018,10,51.5,"BRAR",2,"1","3",99,"MLLMM","destock",50,30,30,3.88349514563107
"TB",2018,11,82.5,"BRTE",0,"1","3",50,"MLLMM","destock",50,30,30,0
"TB",2018,11,82.5,"BRAR",1,"1","3",50,"MLLMM","destock",50,30,30,1.21212121212121
"TB",2018,12,58,"BRTE",0,"1","3",25,"MLLMM","destock",50,30,30,0
"TB",2018,12,58,"BRAR",0.5,"1","3",25,"MLLMM","destock",50,30,30,0.862068965517241
"TB",2018,13,72.5,"BRTE",0.5,"1","1",50,"MMMMM","stable",50,50,50,0.689655172413793
"TB",2018,13,72.5,"BRAR",1,"1","1",50,"MMMMM","stable",50,50,50,1.37931034482759
"TB",2018,14,59,"BRTE",0.5,"1","1",75,"MMMMM","stable",50,50,50,0.847457627118644
"TB",2018,14,59,"BRAR",1,"1","1",75,"MMMMM","stable",50,50,50,1.69491525423729
"TB",2018,15,94.5,"BRTE",30,"1","1",0,"MMMMM","stable",50,50,50,31.7460317460317
"TB",2018,15,94.5,"BRAR",2,"1","1",0,"MMMMM","stable",50,50,50,2.11640211640212
"TB",2018,16,67.5,"BRTE",2,"1","1",25,"MMMMM","stable",50,50,50,2.96296296296296
"TB",2018,16,67.5,"BRAR",6,"1","1",25,"MMMMM","stable",50,50,50,8.88888888888889
"TB",2018,17,74,"BRTE",0.5,"1","1",0,"MMMMM","stable",50,50,50,0.675675675675676
"TB",2018,17,74,"BRAR",0.5,"1","1",0,"MMMMM","stable",50,50,50,0.675675675675676
"TB",2018,18,62,"BRTE",1,"1","1",99,"MMMMM","stable",50,50,50,1.61290322580645
"TB",2018,18,62,"BRAR",0.5,"1","1",99,"MMMMM","stable",50,50,50,0.806451612903226
"TB",2018,19,48.5,"BRTE",0.5,"2","2",50,"HHMMM","heavy",70,70,50,1.03092783505155
"TB",2018,19,48.5,"BRAR",0.5,"2","2",50,"HHMMM","heavy",70,70,50,1.03092783505155
"TB",2018,20,57.5,"BRTE",0,"2","2",0,"HHMMM","heavy",70,70,50,0
"TB",2018,20,57.5,"BRAR",3,"2","2",0,"HHMMM","heavy",70,70,50,5.21739130434783
"TB",2018,21,65.5,"BRTE",0,"2","2",99,"HHMMM","heavy",70,70,50,0
"TB",2018,21,65.5,"BRAR",0.5,"2","2",99,"HHMMM","heavy",70,70,50,0.763358778625954
"TB",2018,22,61,"BRTE",0.5,"2","2",75,"HHMMM","heavy",70,70,50,0.819672131147541
"TB",2018,22,61,"BRAR",0.5,"2","2",75,"HHMMM","heavy",70,70,50,0.819672131147541
"TB",2018,23,83,"BRTE",0,"2","2",0,"HHMMM","heavy",70,70,50,0
"TB",2018,23,83,"BRAR",1,"2","2",0,"HHMMM","heavy",70,70,50,1.20481927710843
"TB",2018,24,69,"BRTE",9,"2","2",25,"HHMMM","heavy",70,70,50,13.0434782608696
"TB",2018,24,69,"BRAR",1,"2","2",25,"HHMMM","heavy",70,70,50,1.44927536231884
"TB",2018,25,52,"BRTE",0,"2","1",0,"MMMMM","stable",50,50,50,0
"TB",2018,25,52,"BRAR",0.5,"2","1",0,"MMMMM","stable",50,50,50,0.961538461538462
"TB",2018,26,73.5,"BRTE",0,"2","1",75,"MMMMM","stable",50,50,50,0
"TB",2018,26,73.5,"BRAR",0,"2","1",75,"MMMMM","stable",50,50,50,0
"TB",2018,27,48.5,"BRTE",0,"2","1",50,"MMMMM","stable",50,50,50,0
"TB",2018,27,48.5,"BRAR",0,"2","1",50,"MMMMM","stable",50,50,50,0
"TB",2018,28,72.5,"BRTE",0,"2","1",99,"MMMMM","stable",50,50,50,0
"TB",2018,28,72.5,"BRAR",0,"2","1",99,"MMMMM","stable",50,50,50,0
"TB",2018,29,64.5,"BRTE",0,"2","1",0,"MMMMM","stable",50,50,50,0
"TB",2018,29,64.5,"BRAR",0,"2","1",0,"MMMMM","stable",50,50,50,0
"TB",2018,30,60,"BRTE",0,"2","1",25,"MMMMM","stable",50,50,50,0
"TB",2018,30,60,"BRAR",0,"2","1",25,"MMMMM","stable",50,50,50,0
"TB",2018,31,66,"BRTE",0,"2","3",99,"MLLMM","destock",50,30,30,0
"TB",2018,31,66,"BRAR",0.5,"2","3",99,"MLLMM","destock",50,30,30,0.757575757575758
"TB",2018,32,63,"BRTE",0,"2","3",25,"MLLMM","destock",50,30,30,0
"TB",2018,32,63,"BRAR",0,"2","3",25,"MLLMM","destock",50,30,30,0
"TB",2018,33,75,"BRTE",0.5,"2","3",75,"MLLMM","destock",50,30,30,0.666666666666667
"TB",2018,33,75,"BRAR",2,"2","3",75,"MLLMM","destock",50,30,30,2.66666666666667
"TB",2018,34,81,"BRTE",0,"2","3",0,"MLLMM","destock",50,30,30,0
"TB",2018,34,81,"BRAR",0,"2","3",0,"MLLMM","destock",50,30,30,0
"TB",2018,35,64.5,"BRTE",0,"2","3",50,"MLLMM","destock",50,30,30,0
"TB",2018,35,64.5,"BRAR",0.5,"2","3",50,"MLLMM","destock",50,30,30,0.775193798449612
"TB",2018,36,60.5,"BRTE",0,"2","3",0,"MLLMM","destock",50,30,30,0
"TB",2018,36,60.5,"BRAR",0,"2","3",0,"MLLMM","destock",50,30,30,0
"TB",2018,37,73.5,"BRTE",0,"3","3",75,"MLLMM","destock",50,30,30,0
"TB",2018,37,73.5,"BRAR",1,"3","3",75,"MLLMM","destock",50,30,30,1.36054421768707
"TB",2018,38,85,"BRTE",0,"3","3",25,"MLLMM","destock",50,30,30,0
"TB",2018,38,85,"BRAR",2,"3","3",25,"MLLMM","destock",50,30,30,2.35294117647059
"TB",2018,39,77,"BRTE",0,"3","3",0,"MLLMM","destock",50,30,30,0
"TB",2018,39,77,"BRAR",0.5,"3","3",0,"MLLMM","destock",50,30,30,0.649350649350649
"TB",2018,40,78.5,"BRTE",0,"3","3",99,"MLLMM","destock",50,30,30,0
"TB",2018,40,78.5,"BRAR",16,"3","3",99,"MLLMM","destock",50,30,30,20.3821656050955
"TB",2018,41,54,"BRTE",0,"3","3",0,"MLLMM","destock",50,30,30,0
"TB",2018,41,54,"BRAR",10,"3","3",0,"MLLMM","destock",50,30,30,18.5185185185185
"TB",2018,42,59,"BRTE",0,"3","3",50,"MLLMM","destock",50,30,30,0
"TB",2018,42,59,"BRAR",0.5,"3","3",50,"MLLMM","destock",50,30,30,0.847457627118644
"TB",2018,43,76.5,"BRTE",0,"3","2",0,"HHMMM","heavy",70,70,50,0
"TB",2018,43,76.5,"BRAR",3,"3","2",0,"HHMMM","heavy",70,70,50,3.92156862745098
"TB",2018,44,80,"BRTE",7,"3","2",25,"HHMMM","heavy",70,70,50,8.75
"TB",2018,44,80,"BRAR",0,"3","2",25,"HHMMM","heavy",70,70,50,0
"TB",2018,45,44,"BRTE",0,"3","2",50,"HHMMM","heavy",70,70,50,0
"TB",2018,45,44,"BRAR",0.5,"3","2",50,"HHMMM","heavy",70,70,50,1.13636363636364
"TB",2018,46,65,"BRTE",0,"3","2",75,"HHMMM","heavy",70,70,50,0
"TB",2018,46,65,"BRAR",0.5,"3","2",75,"HHMMM","heavy",70,70,50,0.769230769230769
"TB",2018,47,61.5,"BRTE",0,"3","2",99,"HHMMM","heavy",70,70,50,0
"TB",2018,47,61.5,"BRAR",1,"3","2",99,"HHMMM","heavy",70,70,50,1.6260162601626
"TB",2018,48,47,"BRTE",0,"3","2",0,"HHMMM","heavy",70,70,50,0
"TB",2018,48,47,"BRAR",0.5,"3","2",0,"HHMMM","heavy",70,70,50,1.06382978723404
"TB",2018,49,45,"BRTE",0,"3","1",50,"MMMMM","stable",50,50,50,0
"TB",2018,49,45,"BRAR",8,"3","1",50,"MMMMM","stable",50,50,50,17.7777777777778
"TB",2018,50,50,"BRTE",0,"3","1",25,"MMMMM","stable",50,50,50,0
"TB",2018,50,50,"BRAR",3,"3","1",25,"MMMMM","stable",50,50,50,6
"TB",2018,51,43.5,"BRTE",0,"3","1",99,"MMMMM","stable",50,50,50,0
"TB",2018,51,43.5,"BRAR",7,"3","1",99,"MMMMM","stable",50,50,50,16.0919540229885
"TB",2018,52,42.5,"BRTE",0,"3","1",0,"MMMMM","stable",50,50,50,0
"TB",2018,52,42.5,"BRAR",2,"3","1",0,"MMMMM","stable",50,50,50,4.70588235294118
"TB",2018,53,40.5,"BRTE",0,"3","1",0,"MMMMM","stable",50,50,50,0
"TB",2018,53,40.5,"BRAR",4,"3","1",0,"MMMMM","stable",50,50,50,9.87654320987654
"TB",2018,54,31.5,"BRTE",0,"3","1",75,"MMMMM","stable",50,50,50,0
"TB",2018,54,31.5,"BRAR",0.5,"3","1",75,"MMMMM","stable",50,50,50,1.58730158730159
"TB",2019,1,41.25,"BRTE",3,"1","2",75,"HHMMM","heavy",70,70,50,7.27272727272727
"TB",2019,1,41.25,"BRAR",1,"1","2",75,"HHMMM","heavy",70,70,50,2.42424242424242
"TB",2019,2,50.75,"BRTE",0.5,"1","2",99,"HHMMM","heavy",70,70,50,0.985221674876847
"TB",2019,2,50.75,"BRAR",0,"1","2",99,"HHMMM","heavy",70,70,50,0
"TB",2019,3,46.5,"BRTE",0.25,"1","2",0,"HHMMM","heavy",70,70,50,0.537634408602151
"TB",2019,3,46.5,"BRAR",0.25,"1","2",0,"HHMMM","heavy",70,70,50,0.537634408602151
"TB",2019,4,57.75,"BRTE",2,"1","2",0,"HHMMM","heavy",70,70,50,3.46320346320346
"TB",2019,4,57.75,"BRAR",0.25,"1","2",0,"HHMMM","heavy",70,70,50,0.432900432900433
"TB",2019,5,70,"BRTE",20,"1","2",50,"HHMMM","heavy",70,70,50,28.5714285714286
"TB",2019,5,70,"BRAR",20,"1","2",50,"HHMMM","heavy",70,70,50,28.5714285714286
"TB",2019,6,70.75,"BRTE",35,"1","2",25,"HHMMM","heavy",70,70,50,49.469964664311
"TB",2019,6,70.75,"BRAR",0.25,"1","2",25,"HHMMM","heavy",70,70,50,0.353356890459364
"TB",2019,7,70.5,"BRTE",1,"1","3",0,"MLLMM","destock",50,30,30,1.41843971631206
"TB",2019,7,70.5,"BRAR",5,"1","3",0,"MLLMM","destock",50,30,30,7.09219858156028
"TB",2019,8,64.25,"BRTE",0,"1","3",75,"MLLMM","destock",50,30,30,0
"TB",2019,8,64.25,"BRAR",0.5,"1","3",75,"MLLMM","destock",50,30,30,0.778210116731518
"TB",2019,9,59,"BRTE",0.25,"1","3",0,"MLLMM","destock",50,30,30,0.423728813559322
"TB",2019,9,59,"BRAR",0,"1","3",0,"MLLMM","destock",50,30,30,0
"TB",2019,10,65,"BRTE",0,"1","3",99,"MLLMM","destock",50,30,30,0
"TB",2019,10,65,"BRAR",0.5,"1","3",99,"MLLMM","destock",50,30,30,0.769230769230769
"TB",2019,11,67.5,"BRTE",0,"1","3",50,"MLLMM","destock",50,30,30,0
"TB",2019,11,67.5,"BRAR",10,"1","3",50,"MLLMM","destock",50,30,30,14.8148148148148
"TB",2019,12,43.25,"BRTE",0,"1","3",25,"MLLMM","destock",50,30,30,0
"TB",2019,12,43.25,"BRAR",0.25,"1","3",25,"MLLMM","destock",50,30,30,0.578034682080925
"TB",2019,13,60,"BRTE",0.25,"1","1",50,"MMMMM","stable",50,50,50,0.416666666666667
"TB",2019,13,60,"BRAR",27,"1","1",50,"MMMMM","stable",50,50,50,45
"TB",2019,14,44.75,"BRTE",0.25,"1","1",75,"MMMMM","stable",50,50,50,0.558659217877095
"TB",2019,14,44.75,"BRAR",3,"1","1",75,"MMMMM","stable",50,50,50,6.70391061452514
"TB",2019,15,78.25,"BRTE",60,"1","1",0,"MMMMM","stable",50,50,50,76.6773162939297
"TB",2019,15,78.25,"BRAR",12,"1","1",0,"MMMMM","stable",50,50,50,15.3354632587859
"TB",2019,16,65.5,"BRTE",1,"1","1",25,"MMMMM","stable",50,50,50,1.52671755725191
"TB",2019,16,65.5,"BRAR",30,"1","1",25,"MMMMM","stable",50,50,50,45.8015267175573
"TB",2019,17,62.75,"BRTE",0.25,"1","1",0,"MMMMM","stable",50,50,50,0.398406374501992
"TB",2019,17,62.75,"BRAR",8,"1","1",0,"MMMMM","stable",50,50,50,12.7490039840637
"TB",2019,18,55.5,"BRTE",0,"1","1",99,"MMMMM","stable",50,50,50,0
"TB",2019,18,55.5,"BRAR",3,"1","1",99,"MMMMM","stable",50,50,50,5.40540540540541
"TB",2019,19,74.25,"BRTE",0,"2","2",50,"HHMMM","heavy",70,70,50,0
"TB",2019,19,74.25,"BRAR",8,"2","2",50,"HHMMM","heavy",70,70,50,10.7744107744108
"TB",2019,20,32.5,"BRTE",0,"2","2",0,"HHMMM","heavy",70,70,50,0
"TB",2019,20,32.5,"BRAR",0.25,"2","2",0,"HHMMM","heavy",70,70,50,0.769230769230769
"TB",2019,21,70.75,"BRTE",0,"2","2",99,"HHMMM","heavy",70,70,50,0
"TB",2019,21,70.75,"BRAR",0,"2","2",99,"HHMMM","heavy",70,70,50,0
"TB",2019,22,59.75,"BRTE",0.25,"2","2",75,"HHMMM","heavy",70,70,50,0.418410041841004
"TB",2019,22,59.75,"BRAR",0,"2","2",75,"HHMMM","heavy",70,70,50,0
"TB",2019,23,54,"BRTE",0,"2","2",0,"HHMMM","heavy",70,70,50,0
"TB",2019,23,54,"BRAR",0,"2","2",0,"HHMMM","heavy",70,70,50,0
"TB",2019,24,54.25,"BRTE",0,"2","2",25,"HHMMM","heavy",70,70,50,0
"TB",2019,24,54.25,"BRAR",0,"2","2",25,"HHMMM","heavy",70,70,50,0
"TB",2019,25,59.25,"BRTE",0,"2","1",0,"MMMMM","stable",50,50,50,0
"TB",2019,25,59.25,"BRAR",0.5,"2","1",0,"MMMMM","stable",50,50,50,0.843881856540084
"TB",2019,26,65.5,"BRTE",0,"2","1",75,"MMMMM","stable",50,50,50,0
"TB",2019,26,65.5,"BRAR",0,"2","1",75,"MMMMM","stable",50,50,50,0
"TB",2019,27,55.5,"BRTE",0,"2","1",50,"MMMMM","stable",50,50,50,0
"TB",2019,27,55.5,"BRAR",0.25,"2","1",50,"MMMMM","stable",50,50,50,0.45045045045045
"TB",2019,28,70,"BRTE",0,"2","1",99,"MMMMM","stable",50,50,50,0
"TB",2019,28,70,"BRAR",0,"2","1",99,"MMMMM","stable",50,50,50,0
"TB",2019,29,62,"BRTE",0,"2","1",0,"MMMMM","stable",50,50,50,0
"TB",2019,29,62,"BRAR",0.25,"2","1",0,"MMMMM","stable",50,50,50,0.403225806451613
"TB",2019,30,57.75,"BRTE",0,"2","1",25,"MMMMM","stable",50,50,50,0
"TB",2019,30,57.75,"BRAR",0.25,"2","1",25,"MMMMM","stable",50,50,50,0.432900432900433
"TB",2019,31,54,"BRTE",0,"2","3",99,"MLLMM","destock",50,30,30,0
"TB",2019,31,54,"BRAR",0.5,"2","3",99,"MLLMM","destock",50,30,30,0.925925925925926
"TB",2019,32,57.75,"BRTE",0,"2","3",25,"MLLMM","destock",50,30,30,0
"TB",2019,32,57.75,"BRAR",0.25,"2","3",25,"MLLMM","destock",50,30,30,0.432900432900433
"TB",2019,33,67.25,"BRTE",0,"2","3",75,"MLLMM","destock",50,30,30,0
"TB",2019,33,67.25,"BRAR",3,"2","3",75,"MLLMM","destock",50,30,30,4.46096654275093
"TB",2019,34,58.75,"BRTE",0,"2","3",0,"MLLMM","destock",50,30,30,0
"TB",2019,34,58.75,"BRAR",0,"2","3",0,"MLLMM","destock",50,30,30,0
"TB",2019,35,62.75,"BRTE",0,"2","3",50,"MLLMM","destock",50,30,30,0
"TB",2019,35,62.75,"BRAR",0.25,"2","3",50,"MLLMM","destock",50,30,30,0.398406374501992
"TB",2019,36,44.25,"BRTE",0,"2","3",0,"MLLMM","destock",50,30,30,0
"TB",2019,36,44.25,"BRAR",0.25,"2","3",0,"MLLMM","destock",50,30,30,0.564971751412429
"TB",2019,37,78.5,"BRTE",0,"3","3",75,"MLLMM","destock",50,30,30,0
"TB",2019,37,78.5,"BRAR",1,"3","3",75,"MLLMM","destock",50,30,30,1.27388535031847
"TB",2019,38,91.75,"BRTE",0,"3","3",25,"MLLMM","destock",50,30,30,0
"TB",2019,38,91.75,"BRAR",8,"3","3",25,"MLLMM","destock",50,30,30,8.71934604904632
"TB",2019,39,71.75,"BRTE",0,"3","3",0,"MLLMM","destock",50,30,30,0
"TB",2019,39,71.75,"BRAR",1,"3","3",0,"MLLMM","destock",50,30,30,1.39372822299652
"TB",2019,40,77.5,"BRTE",0,"3","3",99,"MLLMM","destock",50,30,30,0
"TB",2019,40,77.5,"BRAR",50,"3","3",99,"MLLMM","destock",50,30,30,64.5161290322581
"TB",2019,41,51.75,"BRTE",0,"3","3",0,"MLLMM","destock",50,30,30,0
"TB",2019,41,51.75,"BRAR",15,"3","3",0,"MLLMM","destock",50,30,30,28.9855072463768
"TB",2019,42,54,"BRTE",0,"3","3",50,"MLLMM","destock",50,30,30,0
"TB",2019,42,54,"BRAR",3,"3","3",50,"MLLMM","destock",50,30,30,5.55555555555556
"TB",2019,43,53.25,"BRTE",0,"3","2",0,"HHMMM","heavy",70,70,50,0
"TB",2019,43,53.25,"BRAR",5,"3","2",0,"HHMMM","heavy",70,70,50,9.38967136150235
"TB",2019,44,79,"BRTE",0,"3","2",25,"HHMMM","heavy",70,70,50,0
"TB",2019,44,79,"BRAR",6,"3","2",25,"HHMMM","heavy",70,70,50,7.59493670886076
"TB",2019,45,49.25,"BRTE",0,"3","2",50,"HHMMM","heavy",70,70,50,0
"TB",2019,45,49.25,"BRAR",0.5,"3","2",50,"HHMMM","heavy",70,70,50,1.01522842639594
"TB",2019,46,37.5,"BRTE",0,"3","2",75,"HHMMM","heavy",70,70,50,0
"TB",2019,46,37.5,"BRAR",0,"3","2",75,"HHMMM","heavy",70,70,50,0
"TB",2019,47,44.25,"BRTE",0,"3","2",99,"HHMMM","heavy",70,70,50,0
"TB",2019,47,44.25,"BRAR",1,"3","2",99,"HHMMM","heavy",70,70,50,2.25988700564972
"TB",2019,48,46,"BRTE",0,"3","2",0,"HHMMM","heavy",70,70,50,0
"TB",2019,48,46,"BRAR",0.5,"3","2",0,"HHMMM","heavy",70,70,50,1.08695652173913
"TB",2019,49,52.5,"BRTE",0,"3","1",50,"MMMMM","stable",50,50,50,0
"TB",2019,49,52.5,"BRAR",5,"3","1",50,"MMMMM","stable",50,50,50,9.52380952380952
"TB",2019,50,27,"BRTE",0,"3","1",25,"MMMMM","stable",50,50,50,0
"TB",2019,50,27,"BRAR",7,"3","1",25,"MMMMM","stable",50,50,50,25.9259259259259
"TB",2019,51,37.5,"BRTE",0,"3","1",99,"MMMMM","stable",50,50,50,0
"TB",2019,51,37.5,"BRAR",6,"3","1",99,"MMMMM","stable",50,50,50,16
"TB",2019,52,36,"BRTE",0,"3","1",0,"MMMMM","stable",50,50,50,0
"TB",2019,52,36,"BRAR",2,"3","1",0,"MMMMM","stable",50,50,50,5.55555555555556
"TB",2019,53,23.75,"BRTE",0,"3","1",0,"MMMMM","stable",50,50,50,0
"TB",2019,53,23.75,"BRAR",2,"3","1",0,"MMMMM","stable",50,50,50,8.42105263157895
"TB",2019,54,23.5,"BRTE",0,"3","1",75,"MMMMM","stable",50,50,50,0
"TB",2019,54,23.5,"BRAR",2,"3","1",75,"MMMMM","stable",50,50,50,8.51063829787234
"TB",2020,1,39.25,"BRAR",0.25,"1","2",75,"HHMMM","heavy",70,70,50,0.636942675159236
"TB",2020,1,39.25,"BRTE",3,"1","2",75,"HHMMM","heavy",70,70,50,7.64331210191083
"TB",2020,2,54,"BRAR",0.25,"1","2",99,"HHMMM","heavy",70,70,50,0.462962962962963
"TB",2020,2,54,"BRTE",0.25,"1","2",99,"HHMMM","heavy",70,70,50,0.462962962962963
"TB",2020,3,54,"BRAR",0.5,"1","2",0,"HHMMM","heavy",70,70,50,0.925925925925926
"TB",2020,3,54,"BRTE",0.5,"1","2",0,"HHMMM","heavy",70,70,50,0.925925925925926
"TB",2020,4,51.25,"BRAR",0.5,"1","2",0,"HHMMM","heavy",70,70,50,0.975609756097561
"TB",2020,4,51.25,"BRTE",1,"1","2",0,"HHMMM","heavy",70,70,50,1.95121951219512
"TB",2020,5,40,"BRAR",0.25,"1","2",50,"HHMMM","heavy",70,70,50,0.625
"TB",2020,5,40,"BRTE",15,"1","2",50,"HHMMM","heavy",70,70,50,37.5
"TB",2020,6,52,"BRAR",0,"1","2",25,"HHMMM","heavy",70,70,50,0
"TB",2020,6,52,"BRTE",20,"1","2",25,"HHMMM","heavy",70,70,50,38.4615384615385
"TB",2020,7,64.5,"BRAR",0.25,"1","3",0,"MLLMM","destock",50,30,30,0.387596899224806
"TB",2020,7,64.5,"BRTE",1,"1","3",0,"MLLMM","destock",50,30,30,1.55038759689922
"TB",2020,8,72,"BRAR",0,"1","3",75,"MLLMM","destock",50,30,30,0
"TB",2020,8,72,"BRTE",0,"1","3",75,"MLLMM","destock",50,30,30,0
"TB",2020,9,70.75,"BRAR",0,"1","3",0,"MLLMM","destock",50,30,30,0
"TB",2020,9,70.75,"BRTE",0,"1","3",0,"MLLMM","destock",50,30,30,0
"TB",2020,10,71.25,"BRAR",0,"1","3",99,"MLLMM","destock",50,30,30,0
"TB",2020,10,71.25,"BRTE",0,"1","3",99,"MLLMM","destock",50,30,30,0
"TB",2020,11,68,"BRAR",0.25,"1","3",50,"MLLMM","destock",50,30,30,0.367647058823529
"TB",2020,11,68,"BRTE",0,"1","3",50,"MLLMM","destock",50,30,30,0
"TB",2020,12,49,"BRAR",0.25,"1","3",25,"MLLMM","destock",50,30,30,0.510204081632653
"TB",2020,12,49,"BRTE",0,"1","3",25,"MLLMM","destock",50,30,30,0
"TB",2020,13,46,"BRAR",5.25,"1","1",50,"MMMMM","stable",50,50,50,11.4130434782609
"TB",2020,13,46,"BRTE",0.25,"1","1",50,"MMMMM","stable",50,50,50,0.543478260869565
"TB",2020,14,55.25,"BRAR",2.25,"1","1",75,"MMMMM","stable",50,50,50,4.07239819004525
"TB",2020,14,55.25,"BRTE",1,"1","1",75,"MMMMM","stable",50,50,50,1.80995475113122
"TB",2020,15,59.75,"BRAR",1,"1","1",0,"MMMMM","stable",50,50,50,1.67364016736402
"TB",2020,15,59.75,"BRTE",45,"1","1",0,"MMMMM","stable",50,50,50,75.3138075313807
"TB",2020,16,67.5,"BRAR",10.25,"1","1",25,"MMMMM","stable",50,50,50,15.1851851851852
"TB",2020,16,67.5,"BRTE",6,"1","1",25,"MMMMM","stable",50,50,50,8.88888888888889
"TB",2020,17,41.75,"BRAR",7.25,"1","1",0,"MMMMM","stable",50,50,50,17.3652694610778
"TB",2020,17,41.75,"BRTE",4,"1","1",0,"MMMMM","stable",50,50,50,9.58083832335329
"TB",2020,18,49.75,"BRAR",1.25,"1","1",99,"MMMMM","stable",50,50,50,2.51256281407035
"TB",2020,18,49.75,"BRTE",0,"1","1",99,"MMMMM","stable",50,50,50,0
"TB",2020,19,49,"BRAR",0.25,"2","2",50,"HHMMM","heavy",70,70,50,0.510204081632653
"TB",2020,19,49,"BRTE",0,"2","2",50,"HHMMM","heavy",70,70,50,0
"TB",2020,20,40.25,"BRAR",0,"2","2",0,"HHMMM","heavy",70,70,50,0
"TB",2020,20,40.25,"BRTE",0,"2","2",0,"HHMMM","heavy",70,70,50,0
"TB",2020,21,61,"BRAR",0,"2","2",99,"HHMMM","heavy",70,70,50,0
"TB",2020,21,61,"BRTE",0,"2","2",99,"HHMMM","heavy",70,70,50,0
"TB",2020,22,63.5,"BRAR",0,"2","2",75,"HHMMM","heavy",70,70,50,0
"TB",2020,22,63.5,"BRTE",0,"2","2",75,"HHMMM","heavy",70,70,50,0
"TB",2020,23,47.25,"BRAR",0,"2","2",0,"HHMMM","heavy",70,70,50,0
"TB",2020,23,47.25,"BRTE",0,"2","2",0,"HHMMM","heavy",70,70,50,0
"TB",2020,24,56.25,"BRAR",0,"2","2",25,"HHMMM","heavy",70,70,50,0
"TB",2020,24,56.25,"BRTE",0,"2","2",25,"HHMMM","heavy",70,70,50,0
"TB",2020,25,60,"BRAR",0.25,"2","1",0,"MMMMM","stable",50,50,50,0.416666666666667
"TB",2020,25,60,"BRTE",0,"2","1",0,"MMMMM","stable",50,50,50,0
"TB",2020,26,58.75,"BRAR",0,"2","1",75,"MMMMM","stable",50,50,50,0
"TB",2020,26,58.75,"BRTE",0,"2","1",75,"MMMMM","stable",50,50,50,0
"TB",2020,27,56.25,"BRAR",0,"2","1",50,"MMMMM","stable",50,50,50,0
"TB",2020,27,56.25,"BRTE",0,"2","1",50,"MMMMM","stable",50,50,50,0
"TB",2020,28,69.5,"BRAR",0,"2","1",99,"MMMMM","stable",50,50,50,0
"TB",2020,28,69.5,"BRTE",0,"2","1",99,"MMMMM","stable",50,50,50,0
"TB",2020,29,47,"BRAR",0.25,"2","1",0,"MMMMM","stable",50,50,50,0.531914893617021
"TB",2020,29,47,"BRTE",0,"2","1",0,"MMMMM","stable",50,50,50,0
"TB",2020,30,65,"BRAR",0,"2","1",25,"MMMMM","stable",50,50,50,0
"TB",2020,30,65,"BRTE",0,"2","1",25,"MMMMM","stable",50,50,50,0
"TB",2020,31,70.25,"BRAR",0.25,"2","3",99,"MLLMM","destock",50,30,30,0.355871886120996
"TB",2020,31,70.25,"BRTE",0,"2","3",99,"MLLMM","destock",50,30,30,0
"TB",2020,32,61.75,"BRAR",0,"2","3",25,"MLLMM","destock",50,30,30,0
"TB",2020,32,61.75,"BRTE",0,"2","3",25,"MLLMM","destock",50,30,30,0
"TB",2020,33,65.25,"BRAR",0.25,"2","3",75,"MLLMM","destock",50,30,30,0.383141762452107
"TB",2020,33,65.25,"BRTE",0,"2","3",75,"MLLMM","destock",50,30,30,0
"TB",2020,34,62.5,"BRAR",0.25,"2","3",0,"MLLMM","destock",50,30,30,0.4
"TB",2020,34,62.5,"BRTE",0,"2","3",0,"MLLMM","destock",50,30,30,0
"TB",2020,35,64.25,"BRAR",0.25,"2","3",50,"MLLMM","destock",50,30,30,0.389105058365759
"TB",2020,35,64.25,"BRTE",0,"2","3",50,"MLLMM","destock",50,30,30,0
"TB",2020,36,54,"BRAR",0,"2","3",0,"MLLMM","destock",50,30,30,0
"TB",2020,36,54,"BRTE",0,"2","3",0,"MLLMM","destock",50,30,30,0
"TB",2020,37,72.75,"BRAR",0.25,"3","3",75,"MLLMM","destock",50,30,30,0.343642611683849
"TB",2020,37,72.75,"BRTE",0,"3","3",75,"MLLMM","destock",50,30,30,0
"TB",2020,38,88.25,"BRAR",1.5,"3","3",25,"MLLMM","destock",50,30,30,1.69971671388102
"TB",2020,38,88.25,"BRTE",0,"3","3",25,"MLLMM","destock",50,30,30,0
"TB",2020,39,72.25,"BRAR",0.5,"3","3",0,"MLLMM","destock",50,30,30,0.69204152249135
"TB",2020,39,72.25,"BRTE",0,"3","3",0,"MLLMM","destock",50,30,30,0
"TB",2020,40,79.75,"BRAR",18,"3","3",99,"MLLMM","destock",50,30,30,22.5705329153605
"TB",2020,40,79.75,"BRTE",0,"3","3",99,"MLLMM","destock",50,30,30,0
"TB",2020,41,45,"BRAR",2,"3","3",0,"MLLMM","destock",50,30,30,4.44444444444444
"TB",2020,41,45,"BRTE",0,"3","3",0,"MLLMM","destock",50,30,30,0
"TB",2020,42,41,"BRAR",1.25,"3","3",50,"MLLMM","destock",50,30,30,3.04878048780488
"TB",2020,42,41,"BRTE",0,"3","3",50,"MLLMM","destock",50,30,30,0
"TB",2020,43,41.25,"BRAR",0.5,"3","2",0,"HHMMM","heavy",70,70,50,1.21212121212121
"TB",2020,43,41.25,"BRTE",0,"3","2",0,"HHMMM","heavy",70,70,50,0
"TB",2020,44,62.5,"BRAR",0.25,"3","2",25,"HHMMM","heavy",70,70,50,0.4
"TB",2020,44,62.5,"BRTE",0,"3","2",25,"HHMMM","heavy",70,70,50,0
"TB",2020,45,29.75,"BRAR",0,"3","2",50,"HHMMM","heavy",70,70,50,0
"TB",2020,45,29.75,"BRTE",0,"3","2",50,"HHMMM","heavy",70,70,50,0
"TB",2020,46,35.75,"BRAR",0,"3","2",75,"HHMMM","heavy",70,70,50,0
"TB",2020,46,35.75,"BRTE",0,"3","2",75,"HHMMM","heavy",70,70,50,0
"TB",2020,47,40.25,"BRAR",0.25,"3","2",99,"HHMMM","heavy",70,70,50,0.62111801242236
"TB",2020,47,40.25,"BRTE",0,"3","2",99,"HHMMM","heavy",70,70,50,0
"TB",2020,48,34.25,"BRAR",0,"3","2",0,"HHMMM","heavy",70,70,50,0
"TB",2020,48,34.25,"BRTE",0,"3","2",0,"HHMMM","heavy",70,70,50,0
"TB",2020,49,60,"BRAR",10.5,"3","1",50,"MMMMM","stable",50,50,50,17.5
"TB",2020,49,60,"BRTE",0,"3","1",50,"MMMMM","stable",50,50,50,0
"TB",2020,50,44,"BRAR",2,"3","1",25,"MMMMM","stable",50,50,50,4.54545454545455
"TB",2020,50,44,"BRTE",0,"3","1",25,"MMMMM","stable",50,50,50,0
"TB",2020,51,68.5,"BRAR",5,"3","1",99,"MMMMM","stable",50,50,50,7.2992700729927
"TB",2020,51,68.5,"BRTE",0,"3","1",99,"MMMMM","stable",50,50,50,0
"TB",2020,52,29,"BRAR",0.5,"3","1",0,"MMMMM","stable",50,50,50,1.72413793103448
"TB",2020,52,29,"BRTE",0,"3","1",0,"MMMMM","stable",50,50,50,0
"TB",2020,53,27.5,"BRAR",1,"3","1",0,"MMMMM","stable",50,50,50,3.63636363636364
"TB",2020,53,27.5,"BRTE",0,"3","1",0,"MMMMM","stable",50,50,50,0
"TB",2020,54,29,"BRAR",0.5,"3","1",75,"MMMMM","stable",50,50,50,1.72413793103448
"TB",2020,54,29,"BRTE",0,"3","1",75,"MMMMM","stable",50,50,50,0
"TB",2021,1,40.75,"BRTE",16,"1","2",75,"HHMMM","heavy",70,70,50,39.2638036809816
"TB",2021,1,40.75,"BRAR",1,"1","2",75,"HHMMM","heavy",70,70,50,2.45398773006135
"TB",2021,2,41.25,"BRTE",1,"1","2",99,"HHMMM","heavy",70,70,50,2.42424242424242
"TB",2021,2,41.25,"BRAR",0.25,"1","2",99,"HHMMM","heavy",70,70,50,0.606060606060606
"TB",2021,3,51.75,"BRTE",2,"1","2",0,"HHMMM","heavy",70,70,50,3.86473429951691
"TB",2021,3,51.75,"BRAR",0.25,"1","2",0,"HHMMM","heavy",70,70,50,0.483091787439614
"TB",2021,4,43,"BRTE",4,"1","2",0,"HHMMM","heavy",70,70,50,9.30232558139535
"TB",2021,4,43,"BRAR",3,"1","2",0,"HHMMM","heavy",70,70,50,6.97674418604651
"TB",2021,5,67.25,"BRTE",27,"1","2",50,"HHMMM","heavy",70,70,50,40.1486988847584
"TB",2021,5,67.25,"BRAR",17,"1","2",50,"HHMMM","heavy",70,70,50,25.2788104089219
"TB",2021,6,63.5,"BRTE",35,"1","2",25,"HHMMM","heavy",70,70,50,55.1181102362205
"TB",2021,6,63.5,"BRAR",0,"1","2",25,"HHMMM","heavy",70,70,50,0
"TB",2021,7,55.5,"BRTE",0.5,"1","3",0,"MLLMM","destock",50,30,30,0.900900900900901
"TB",2021,7,55.5,"BRAR",6,"1","3",0,"MLLMM","destock",50,30,30,10.8108108108108
"TB",2021,8,48.25,"BRTE",0.25,"1","3",75,"MLLMM","destock",50,30,30,0.518134715025907
"TB",2021,8,48.25,"BRAR",0.5,"1","3",75,"MLLMM","destock",50,30,30,1.03626943005181
"TB",2021,9,48.5,"BRTE",0,"1","3",0,"MLLMM","destock",50,30,30,0
"TB",2021,9,48.5,"BRAR",0,"1","3",0,"MLLMM","destock",50,30,30,0
"TB",2021,10,24.75,"BRTE",0.25,"1","3",99,"MLLMM","destock",50,30,30,1.01010101010101
"TB",2021,10,24.75,"BRAR",3,"1","3",99,"MLLMM","destock",50,30,30,12.1212121212121
"TB",2021,11,31.5,"BRTE",0.25,"1","3",50,"MLLMM","destock",50,30,30,0.793650793650794
"TB",2021,11,31.5,"BRAR",2,"1","3",50,"MLLMM","destock",50,30,30,6.34920634920635
"TB",2021,12,37.75,"BRTE",0.25,"1","3",25,"MLLMM","destock",50,30,30,0.662251655629139
"TB",2021,12,37.75,"BRAR",0.5,"1","3",25,"MLLMM","destock",50,30,30,1.32450331125828
"TB",2021,13,37.5,"BRTE",2,"1","1",50,"MMMMM","stable",50,50,50,5.33333333333333
"TB",2021,13,37.5,"BRAR",3,"1","1",50,"MMMMM","stable",50,50,50,8
"TB",2021,14,39.5,"BRTE",1,"1","1",75,"MMMMM","stable",50,50,50,2.53164556962025
"TB",2021,14,39.5,"BRAR",6,"1","1",75,"MMMMM","stable",50,50,50,15.1898734177215
"TB",2021,15,60,"BRTE",52,"1","1",0,"MMMMM","stable",50,50,50,86.6666666666667
"TB",2021,15,60,"BRAR",1,"1","1",0,"MMMMM","stable",50,50,50,1.66666666666667
"TB",2021,16,51.5,"BRTE",15,"1","1",25,"MMMMM","stable",50,50,50,29.126213592233
"TB",2021,16,51.5,"BRAR",25,"1","1",25,"MMMMM","stable",50,50,50,48.5436893203884
"TB",2021,17,45,"BRTE",3,"1","1",0,"MMMMM","stable",50,50,50,6.66666666666667
"TB",2021,17,45,"BRAR",12,"1","1",0,"MMMMM","stable",50,50,50,26.6666666666667
"TB",2021,18,25,"BRTE",0.25,"1","1",99,"MMMMM","stable",50,50,50,1
"TB",2021,18,25,"BRAR",2,"1","1",99,"MMMMM","stable",50,50,50,8
"TB",2021,19,48.25,"BRTE",0,"2","2",50,"HHMMM","heavy",70,70,50,0
"TB",2021,19,48.25,"BRAR",1,"2","2",50,"HHMMM","heavy",70,70,50,2.07253886010363
"TB",2021,20,24,"BRTE",0,"2","2",0,"HHMMM","heavy",70,70,50,0
"TB",2021,20,24,"BRAR",0.5,"2","2",0,"HHMMM","heavy",70,70,50,2.08333333333333
"TB",2021,21,49.25,"BRTE",0,"2","2",99,"HHMMM","heavy",70,70,50,0
"TB",2021,21,49.25,"BRAR",0,"2","2",99,"HHMMM","heavy",70,70,50,0
"TB",2021,22,51.75,"BRTE",0,"2","2",75,"HHMMM","heavy",70,70,50,0
"TB",2021,22,51.75,"BRAR",0,"2","2",75,"HHMMM","heavy",70,70,50,0
"TB",2021,23,59.5,"BRTE",0,"2","2",0,"HHMMM","heavy",70,70,50,0
"TB",2021,23,59.5,"BRAR",0,"2","2",0,"HHMMM","heavy",70,70,50,0
"TB",2021,24,38,"BRTE",0,"2","2",25,"HHMMM","heavy",70,70,50,0
"TB",2021,24,38,"BRAR",0,"2","2",25,"HHMMM","heavy",70,70,50,0
"TB",2021,25,36,"BRTE",0.25,"2","1",0,"MMMMM","stable",50,50,50,0.694444444444444
"TB",2021,25,36,"BRAR",0.5,"2","1",0,"MMMMM","stable",50,50,50,1.38888888888889
"TB",2021,26,32.5,"BRTE",0,"2","1",75,"MMMMM","stable",50,50,50,0
"TB",2021,26,32.5,"BRAR",0,"2","1",75,"MMMMM","stable",50,50,50,0
"TB",2021,27,30.25,"BRTE",0,"2","1",50,"MMMMM","stable",50,50,50,0
"TB",2021,27,30.25,"BRAR",0,"2","1",50,"MMMMM","stable",50,50,50,0
"TB",2021,28,38.25,"BRTE",0,"2","1",99,"MMMMM","stable",50,50,50,0
"TB",2021,28,38.25,"BRAR",0,"2","1",99,"MMMMM","stable",50,50,50,0
"TB",2021,29,44,"BRTE",0,"2","1",0,"MMMMM","stable",50,50,50,0
"TB",2021,29,44,"BRAR",0,"2","1",0,"MMMMM","stable",50,50,50,0
"TB",2021,30,64.5,"BRTE",0,"2","1",25,"MMMMM","stable",50,50,50,0
"TB",2021,30,64.5,"BRAR",0.25,"2","1",25,"MMMMM","stable",50,50,50,0.387596899224806
"TB",2021,31,44.5,"BRTE",0,"2","3",99,"MLLMM","destock",50,30,30,0
"TB",2021,31,44.5,"BRAR",0.5,"2","3",99,"MLLMM","destock",50,30,30,1.12359550561798
"TB",2021,32,40.5,"BRTE",0.25,"2","3",25,"MLLMM","destock",50,30,30,0.617283950617284
"TB",2021,32,40.5,"BRAR",0,"2","3",25,"MLLMM","destock",50,30,30,0
"TB",2021,33,23,"BRTE",2,"2","3",75,"MLLMM","destock",50,30,30,8.69565217391304
"TB",2021,33,23,"BRAR",0.5,"2","3",75,"MLLMM","destock",50,30,30,2.17391304347826
"TB",2021,34,44,"BRTE",0,"2","3",0,"MLLMM","destock",50,30,30,0
"TB",2021,34,44,"BRAR",0.25,"2","3",0,"MLLMM","destock",50,30,30,0.568181818181818
"TB",2021,35,28.75,"BRTE",0,"2","3",50,"MLLMM","destock",50,30,30,0
"TB",2021,35,28.75,"BRAR",0,"2","3",50,"MLLMM","destock",50,30,30,0
"TB",2021,36,40.25,"BRTE",0,"2","3",0,"MLLMM","destock",50,30,30,0
"TB",2021,36,40.25,"BRAR",0,"2","3",0,"MLLMM","destock",50,30,30,0
"TB",2021,37,52.25,"BRTE",0,"3","3",75,"MLLMM","destock",50,30,30,0
"TB",2021,37,52.25,"BRAR",2,"3","3",75,"MLLMM","destock",50,30,30,3.82775119617225
"TB",2021,38,40,"BRTE",0,"3","3",25,"MLLMM","destock",50,30,30,0
"TB",2021,38,40,"BRAR",8,"3","3",25,"MLLMM","destock",50,30,30,20
"TB",2021,39,53.25,"BRTE",0,"3","3",0,"MLLMM","destock",50,30,30,0
"TB",2021,39,53.25,"BRAR",0.25,"3","3",0,"MLLMM","destock",50,30,30,0.469483568075117
"TB",2021,40,21,"BRTE",0.5,"3","3",99,"MLLMM","destock",50,30,30,2.38095238095238
"TB",2021,40,21,"BRAR",4,"3","3",99,"MLLMM","destock",50,30,30,19.047619047619
"TB",2021,41,36.25,"BRTE",0,"3","3",0,"MLLMM","destock",50,30,30,0
"TB",2021,41,36.25,"BRAR",12,"3","3",0,"MLLMM","destock",50,30,30,33.1034482758621
"TB",2021,42,26.75,"BRTE",0,"3","3",50,"MLLMM","destock",50,30,30,0
"TB",2021,42,26.75,"BRAR",5,"3","3",50,"MLLMM","destock",50,30,30,18.6915887850467
"TB",2021,43,28.75,"BRTE",0,"3","2",0,"HHMMM","heavy",70,70,50,0
"TB",2021,43,28.75,"BRAR",2,"3","2",0,"HHMMM","heavy",70,70,50,6.95652173913043
"TB",2021,44,59.25,"BRTE",0,"3","2",25,"HHMMM","heavy",70,70,50,0
"TB",2021,44,59.25,"BRAR",6,"3","2",25,"HHMMM","heavy",70,70,50,10.126582278481
"TB",2021,45,26.75,"BRTE",0,"3","2",50,"HHMMM","heavy",70,70,50,0
"TB",2021,45,26.75,"BRAR",2,"3","2",50,"HHMMM","heavy",70,70,50,7.47663551401869
"TB",2021,46,38.25,"BRTE",1,"3","2",75,"HHMMM","heavy",70,70,50,2.61437908496732
"TB",2021,46,38.25,"BRAR",0.5,"3","2",75,"HHMMM","heavy",70,70,50,1.30718954248366
"TB",2021,47,47.5,"BRTE",0,"3","2",99,"HHMMM","heavy",70,70,50,0
"TB",2021,47,47.5,"BRAR",0.5,"3","2",99,"HHMMM","heavy",70,70,50,1.05263157894737
"TB",2021,48,36.25,"BRTE",0,"3","2",0,"HHMMM","heavy",70,70,50,0
"TB",2021,48,36.25,"BRAR",0.25,"3","2",0,"HHMMM","heavy",70,70,50,0.689655172413793
"TB",2021,49,25.5,"BRTE",0,"3","1",50,"MMMMM","stable",50,50,50,0
"TB",2021,49,25.5,"BRAR",1,"3","1",50,"MMMMM","stable",50,50,50,3.92156862745098
"TB",2021,50,37.25,"BRTE",0,"3","1",25,"MMMMM","stable",50,50,50,0
"TB",2021,50,37.25,"BRAR",3,"3","1",25,"MMMMM","stable",50,50,50,8.05369127516778
"TB",2021,51,16.5,"BRTE",0,"3","1",99,"MMMMM","stable",50,50,50,0
"TB",2021,51,16.5,"BRAR",3,"3","1",99,"MMMMM","stable",50,50,50,18.1818181818182
"TB",2021,52,40.25,"BRTE",0,"3","1",0,"MMMMM","stable",50,50,50,0
"TB",2021,52,40.25,"BRAR",1,"3","1",0,"MMMMM","stable",50,50,50,2.48447204968944
"TB",2021,53,31.5,"BRTE",0,"3","1",0,"MMMMM","stable",50,50,50,0
"TB",2021,53,31.5,"BRAR",3,"3","1",0,"MMMMM","stable",50,50,50,9.52380952380952
"TB",2021,54,11.25,"BRTE",0,"3","1",75,"MMMMM","stable",50,50,50,0
"TB",2021,54,11.25,"BRAR",0,"3","1",75,"MMMMM","stable",50,50,50,0
